ID,post_title,post_name
7080,"Wak Yoshimichi Kosh FVU",wak-yoshimichi-kosh-fvu
7041,"YOSHIMICHI TSUBA Reverse",yoshimichi-tsuba-reverse
7040,"YOSHIMICHI TSUBA Obverse",yoshimichi-tsuba-obverse
7039,"YOSHIMICHI TSUBA MEI",yoshimichi-tsuba-mei
7038,"YOSHIMICHI TSUBA CU1",yoshimichi-tsuba-cu1
7037,"YOSHIMICHI Nakago U",yoshimichi-nakago-u
7036,"YOSHIMICHI MEI",yoshimichi-mei
7035,"Yoshimichi Kosh Tsuka O",yoshimichi-kosh-tsuka-o
7034,"Yoshimichi Kosh Tsuka FVU",yoshimichi-kosh-tsuka-fvu
7033,"Yoshimichi Kosh Tsuka FV1",yoshimichi-kosh-tsuka-fv1
7032,"Yoshimichi Kosh Tsuba mounted",yoshimichi-kosh-tsuba-mounted
7031,"Yoshimichi Kosh Menuki 2",yoshimichi-kosh-menuki-2
7030,"Yoshimichi Kosh Menuki 1",yoshimichi-kosh-menuki-1
7029,"Yoshimichi Kosh Kashira 1",yoshimichi-kosh-kashira-1
7028,"Yoshimichi Kosh FVO",yoshimichi-kosh-fvo
7027,"Yoshimichi Kosh Fuchi FV 1",yoshimichi-kosh-fuchi-fv-1
7026,"Yoshimichi Habaki",yoshimichi-habaki
7025,"YOSHIMICHI FVU",yoshimichi-fvu
7024,"YOSHIMICHI FVO",yoshimichi-fvo
7023,"YOSHIMICHI Nakago O",yoshimichi-nakago-o
7022,"Yoshimichi BoshiU",yoshimichi-boshiu
7021,"Yoshimichi Boshi O",yoshimichi-boshi-o
7020,"Floral Tsuba Mei",floral-tsuba-mei
7019,"Floral Koshi Tsuka U",floral-koshi-tsuka-u
7018,"Floral Koshi Tsuka O",floral-koshi-tsuka-o
7017,"Floral Koshi Tsuba FVR",floral-koshi-tsuba-fvr
7016,"Floral Koshi Tsuba FVO",floral-koshi-tsuba-fvo
7015,"Floral Koshi Nakago U",floral-koshi-nakago-u
7014,"Floral Koshi Nakago O",floral-koshi-nakago-o
7013,"Floral Koshi Kog Mei",floral-koshi-kog-mei
7012,"Floral Koshi Menuki 2",floral-koshi-menuki-2
7011,"Floral Koshi Menuki 1",floral-koshi-menuki-1
7010,"Floral Koshi koz:kog reverse",floral-koshi-kozkog-reverse
7009,"Floral Koshi koz:kog Obverse",floral-koshi-kozkog-obverse
7008,"Floral Koshi Koz FVO",floral-koshi-koz-fvo
7007,"Floral Koshi Kashira",floral-koshi-kashira
7006,"Floral Koshi Habaki",floral-koshi-habaki
7005,"Floral Koshi FVU",floral-koshi-fvu
7004,"Floral Koshi FVO",floral-koshi-fvo
7003,"Floral Koshi Fuchi",floral-koshi-fuchi
7002,"Floral Koshi Boshi O",floral-koshi-boshi-o
7001,"Floral Koshi Blade FVU",floral-koshi-blade-fvu
7000,"Floral Koshi Blade FVO",floral-koshi-blade-fvo
6999,"Floral Koshi Blade Boshi U",floral-koshi-blade-boshi-u
6998,"Floral Koshi Act 4",floral-koshi-act-4
6997,"Floral Koshi Act 3",floral-koshi-act-3
6996,"Floral Koshi Act 2",floral-koshi-act-2
6995,"Floral Koshi Act 1",floral-koshi-act-1
6971,"Jochin Reverse",jochin-reverse-2
6962,"NAOHIRO REVERSE",naohiro-reverse-3
6961,"NAOHIRO OBVERSE",naohiro-obverse-3
6960,"NAOHIRO MEI",naohiro-mei-3
6937,"DRAGON:WAVES REVERSE CU",dragonwaves-reverse-cu
6936,"DRAGON:WAVES FV REVERSE",dragonwaves-fv-reverse
6935,"DRAGON:WAVES FV OBVERSE",dragonwaves-fv-obverse
6934,"DRAGON:WAVES CU 4",dragonwaves-cu-4
6933,"DRAGON:WAVES CU 3",dragonwaves-cu-3
6932,"DRAGON:WAVES CU 2",dragonwaves-cu-2
6931,"DRAGON:WAVES CU 1",dragonwaves-cu-1
6880,"Joi Sennin CU",joi-sennin-cu
6833,"BAMBOO MUMEI KASHIRA CU",bamboo-mumei-kashira-cu-2
6832,"BAMBOO MUMEI INSIDE",bamboo-mumei-inside-2
6831,"BAMBOO MUMEI FV2",bamboo-mumei-fv2-2
6830,"BAMBOO MUMEI FV1",bamboo-mumei-fv1-2
6829,"BAMBOO MUMEI KASHIRA CU",bamboo-mumei-kashira-cu
6828,"BAMBOO MUMEI INSIDE",bamboo-mumei-inside
6827,"BAMBOO MUMEI FV2",bamboo-mumei-fv2
6826,"BAMBOO MUMEI FV1",bamboo-mumei-fv1
6825,"YANAGAWA NAOMITSU WAVES INSIDE",yanagawa-naomitsu-waves-inside
6824,"YANAGAWA NAOMITSU WAVES FV2",yanagawa-naomitsu-waves-fv2
6823,"YANAGAWA NAOMITSU WAVES FV1",yanagawa-naomitsu-waves-fv1
6822,"DSCF6223YANAGAWA NAOZUMI MEI",dscf6223yanagawa-naozumi-mei
6821,"shishi lacquer backs Reverse",shishi-lacquer-backs-reverse
6820,"shishi lacquer backs OBVERSE",shishi-lacquer-backs-obverse
6819,"shishi lacquer backs CU#2",shishi-lacquer-backs-cu2
6818,"shishi lacquer backs CU#1",shishi-lacquer-backs-cu1
6817,"SHISHI GOLD REVERSE FV",shishi-gold-reverse-fv
6816,"SHISHI GOLD OBVERSE FV",shishi-gold-obverse-fv
6815,"SHISHI GOLD CU#2",shishi-gold-cu2
6814,"SHISHI GOLD CU #1",shishi-gold-cu-1
6813,"TSUNEMITSU REVERSE",tsunemitsu-reverse
6812,"TSUNEMITSU REVERSE CU1",tsunemitsu-reverse-cu1
6811,"TSUNEMITSU OBVERSE",tsunemitsu-obverse
6810,"TSUNEMITSU MEI",tsunemitsu-mei
6809,"TSUNEMITSU CU1",tsunemitsu-cu1
6808,"NAOYUKI REVERSE",naoyuki-reverse
6807,"NAOYUKI OBVERSE",naoyuki-obverse
6806,"NAOYUKI MEI",naoyuki-mei
6805,"NAOMASA REVERSE",naomasa-reverse
6804,"NAOMASA OBVERSE",naomasa-obverse
6803,"NAOMASA MEI",naomasa-mei
6802,"NAOMASA CU2",naomasa-cu2
6801,"NAOMASA CU1",naomasa-cu1
6800,"NAOHIRO REVERSE",naohiro-reverse-2
6799,"NAOHIRO OBVERSE",naohiro-obverse-2
6798,"NAOHIRO MEI",naohiro-mei-2
6797,"NAOHIRO REVERSE",naohiro-reverse
6796,"NAOHIRO OBVERSE",naohiro-obverse
6795,"NAOHIRO MEI",naohiro-mei
6794,"NAGATSUNE REVERSE",nagatsune-reverse
6793,"NAGATSUNE OBVERSE",nagatsune-obverse
6792,"NAGATSUNE MEI 2",nagatsune-mei-2
6791,"NAGATSUNE CU2",nagatsune-cu2
6790,"NAGATSUNE CU1",nagatsune-cu1
6789,"NAGATSUNE CU SIDE 2",nagatsune-cu-side-2
6788,"NAGATSUNE CU SIDE 1",nagatsune-cu-side-1
6787,"MUNEMASA SAGE:BULL REVERSE",munemasa-sagebull-reverse
6786,"MUNEMASA SAGE:BULL OBVERSE",munemasa-sagebull-obverse
6785,"MUNEMASA SAGE:BULL MEI",munemasa-sagebull-mei
6784,"MUNEMASA SAGE:BULL CU2",munemasa-sagebull-cu2
6783,"MUNEMASA SAGE:BULL CU1",munemasa-sagebull-cu1
6782,"Joi Sennin Reverse",joi-sennin-reverse
6781,"Joi Sennin Obverse",joi-sennin-obverse
6780,"Joi Sennin Mei",joi-sennin-mei
6779,"Joi Sennin CU2",joi-sennin-cu2
6777,"Jochin Obverse",jochin-obverse
6776,"Jochin Mei",jochin-mei
6775,"Jochin CU1",jochin-cu1
6774,"Shozui Tiger Reverse",shozui-tiger-reverse
6773,"Shozui Tiger Obverse",shozui-tiger-obverse
6772,"Shozui Tiger Mei",shozui-tiger-mei
6771,"Shozui Tiger CU2",shozui-tiger-cu2
6770,"Shozui Tiger CU1",shozui-tiger-cu1
6769,"Naoharu Dragon Reverse",naoharu-dragon-reverse
6768,"Naoharu Dragon Obverse",naoharu-dragon-obverse
6767,"Naoharu Dragon Mei",naoharu-dragon-mei
6766,"Naoharu Dragon CU1",naoharu-dragon-cu1
6765,"Okinari Reverse",okinari-reverse
6764,"Okinari Obverse",okinari-obverse
6763,"Okinari Mei",okinari-mei
6715,"GOMOKU ZOGAN REVERSE",gomoku-zogan-reverse
6714,"GOMOKU ZOGAN OBVERSE",gomoku-zogan-obverse
6713,"GOMOKU ZOGAN ANGLE",gomoku-zogan-angle
6673,"MITSUYOSHI REVERSE",mitsuyoshi-reverse
6672,"MITSUYOSHI OBVERSE",mitsuyoshi-obverse
6671,"MITSUYOSHI MEI",mitsuyoshi-mei
6670,"MITSUYOSHI CU",mitsuyoshi-cu
6669,"KIKA GATA REVERSE",kika-gata-reverse
6668,"KIKA GATA OBVERSE",kika-gata-obverse
6667,"IRON TREFOILS REVERSE",iron-trefoils-reverse
6666,"IRON TREFOILS OBVERSE",iron-trefoils-obverse
6665,"IRON TREFOILS ANGLE",iron-trefoils-angle
6664,"TOSHO REVERSE",tosho-reverse
6663,"TOSHO OBVERSE",tosho-obverse
6662,"MASASHIGE IRON REVERSE",masashige-iron-reverse
6661,"MASASHIGE IRON OBVERSE",masashige-iron-obverse
6660,"MASASHIGE IRON MEI",masashige-iron-mei
6659,"HIROYOSHI REVERSE FV",hiroyoshi-reverse-fv
6658,"HIROYOSHI REVERSE CU",hiroyoshi-reverse-cu
6657,"HIROYOSHI OBVERSE FV",hiroyoshi-obverse-fv
6656,"HIROYOSHI MEI",hiroyoshi-mei
6655,"HIROYOSHI HERON CU",hiroyoshi-heron-cu
6646,"HOTEI MOUTH",hotei-mouth
6645,"HOTEI MEI",hotei-mei
6644,"HOTEI FV REVERSE",hotei-fv-reverse
6643,"HOTEI FV OBVERSE",hotei-fv-obverse
6642,"HOTEI CU 1",hotei-cu-1
6624,"SUAKA ANIMALS MOUTH",suaka-animals-mouth
6623,"SUAKA ANIMALS MEI",suaka-animals-mei
6622,"SUAKA ANIMALS FV REVERSE",suaka-animals-fv-reverse
6621,"SUAKA ANIMALS FV OBVERSE",suaka-animals-fv-obverse
6620,"PHEONIX CU",pheonix-cu
6619,"KIRIN CU",kirin-cu
6618,"DRAGON:MINOGAME CU",dragonminogame-cu
6607,"HAWK MEI",hawk-mei
6606,"HAWK FV REVERSE",hawk-fv-reverse
6605,"HAWK FV OBVERSE",hawk-fv-obverse
6604,"HAWK CU",hawk-cu
6603,"HAWK CU BLOOMS",hawk-cu-blooms
6602,"MOUSE RIM",mouse-rim
6601,"MOUSE REVERSE",mouse-reverse
6600,"MOUSE OBVERSE",mouse-obverse
6599,"MOUSE MEI",mouse-mei
6598,"MOUSE CU MOUSE",mouse-cu-mouse
6597,"MOUSE CU BACK",mouse-cu-back
6596,"TIGER MEI",tiger-mei
6595,"TIGER FV REVERSE",tiger-fv-reverse
6594,"TIGER FV OBVERSE",tiger-fv-obverse
6593,"TIGER CU1",tiger-cu1
6589,menuki_gotodragons_frt,menuki_gotodragons_frt
6588,"Mantis_Kozuka_FV copy",mantis_kozuka_fv-copy
6587,DSCF3569,dscf3569
6586,DSCF3568,dscf3568
6585,DSCF3567,dscf3567
6584,DSCF3566,dscf3566
6583,DSCF3565,dscf3565
6582,DSCF3564,dscf3564
6572,Naginata_Ko-Uda_Act_G2,naginata_ko-uda_act_g2
6571,Naginata_Ko-Uda_Act_G1,naginata_ko-uda_act_g1
6570,Naginata_Ko-Uda_Act_F2,naginata_ko-uda_act_f2
6569,Naginata_Ko-Uda_Act_D2,naginata_ko-uda_act_d2
6568,Naginata_Ko-Uda_Act_D1,naginata_ko-uda_act_d1
6567,Naginata_Ko-Uda_Act_B2,naginata_ko-uda_act_b2
6566,Naginata_Ko-Uda_Act_A2,naginata_ko-uda_act_a2
6565,Naginata_Ko-Uda_ACUO3,naginata_ko-uda_acuo3
6564,Naginata_Ko-Uda_ACUO2,naginata_ko-uda_acuo2
6563,Naginata_Ko-Uda_ACUO1,naginata_ko-uda_acuo1
6562,Naginata_Ko-Uda_Blade_CUO4,naginata_ko-uda_blade_cuo4
6561,Naginata_Ko-Uda_Blade_CUO1,naginata_ko-uda_blade_cuo1
6560,Naginata_Ko-Uda_ACUO4,naginata_ko-uda_acuo4
6559,Naginata_Ko-Uda_Blade_FV2,naginata_ko-uda_blade_fv2-2
6558,Naginata_Ko-Uda_Blade_FV1,naginata_ko-uda_blade_fv1-2
6557,Naginata_Ko-Uda_Blade_CUU4,naginata_ko-uda_blade_cuu4
6556,Naginata_Ko-Uda_Blade_CUU3,naginata_ko-uda_blade_cuu3
6555,Naginata_Ko-Uda_Blade_CUU2,naginata_ko-uda_blade_cuu2
6554,Naginata_Ko-Uda_Blade_CUU1,naginata_ko-uda_blade_cuu1
6553,Naginata_Ko-Uda_Blade_FV2,naginata_ko-uda_blade_fv2
6552,Naginata_Ko-Uda_Blade_FV1,naginata_ko-uda_blade_fv1
6551,Naginata_Ko-Uda_Kissaki1,naginata_ko-uda_kissaki1
6550,Naginata_Ko-Uda_Habaki,naginata_ko-uda_habaki
6549,Naginata_Ko-Uda_FV2,naginata_ko-uda_fv2
6548,Naginata_Ko-Uda_FV1,naginata_ko-uda_fv1
6547,Naginata_Ko-Uda_Shirasaya_FV,naginata_ko-uda_shirasaya_fv
6546,Naginata_Ko-Uda_Shirasaya_CU1,naginata_ko-uda_shirasaya_cu1
6545,Naginata_Ko-Uda_Papers,naginata_ko-uda_papers
6544,Naginata_Ko-Uda_Nakago2,naginata_ko-uda_nakago2
6543,Naginata_Ko-Uda_Nakago1,naginata_ko-uda_nakago1
6542,Naginata_Ko-Uda_Kissaki2,naginata_ko-uda_kissaki2
6517,"Snail copy",snail-copy
6454,"Koshirae Maple Sakura FVO copy",koshirae-maple-sakura-fvo-copy
6404,"Kosh Shishi Tsunagi",kosh-shishi-tsunagi
6403,"Kosh Shishi Tsuka FVU",kosh-shishi-tsuka-fvu
6402,"Kosh Shishi Tsuka FVO",kosh-shishi-tsuka-fvo
6401,"Kosh Shishi Tsuba 2",kosh-shishi-tsuba-2
6400,"Kosh Shishi Tsuba 1",kosh-shishi-tsuba-1
6399,"Kosh Shishi Kojiri 2",kosh-shishi-kojiri-2
6398,"Kosh Shishi Kojiri 1",kosh-shishi-kojiri-1
6397,"Kosh Shishi Kashira",kosh-shishi-kashira
6396,"Kosh Shishi FVU",kosh-shishi-fvu
6395,"Kosh Shishi FVO",kosh-shishi-fvo
6394,ShibayamaKoshirea1,shibayamakoshirea1
6393,"ShibayamaKoshirea1 copy enlarged",shibayamakoshirea1-copy-enlarged
6392,shibayama12,shibayama12
6391,shibayama5,shibayama5
6390,shibayama_tsuka1,shibayama_tsuka1
6389,shibayama_saya3,shibayama_saya3
6388,shibayama_saya1,shibayama_saya1
6387,shibayama_kurigata,shibayama_kurigata
6386,shibayama_kojiri,shibayama_kojiri
6385,shibayama_kogai,shibayama_kogai
6299,"IYESADA MYOGO KASUGA",iyesada-myogo-kasuga
6298,"IYESADA MYOGO HACHIMAN",iyesada-myogo-hachiman
6281,"SHIRASAYA FV",shirasaya-fv
6280,"IYESADA NAKAGO U",iyesada-nakago-u
6279,"IYESADA NAKAGO O",iyesada-nakago-o
6278,"IYESADA MEI",iyesada-mei
6277,"IYESADA HABAKI BT 4jpg",iyesada-habaki-bt-4jpg
6276,"IYESADA HABAKI BT 3",iyesada-habaki-bt-3
6275,"IYESADA HABAKI BT 2",iyesada-habaki-bt-2
6274,"IYESADA HABAKI BT 1",iyesada-habaki-bt-1
6273,"IYESADA FVU",iyesada-fvu
6272,"IYESADA FVO",iyesada-fvo
6271,"IYESADA CUU",iyesada-cuu
6270,"IYESADA CUO",iyesada-cuo
6269,"IYESADA BOSHI U",iyesada-boshi-u
6268,"IYESADA BOSHI O",iyesada-boshi-o
6267,"IYESADA ACT 6",iyesada-act-6
6266,"IYESADA ACT 4",iyesada-act-4
6265,"IYESADA ACT 3",iyesada-act-3
6264,"IYESADA ACT 2",iyesada-act-2
6263,"IYESADA ACT 1",iyesada-act-1
6262,"IESADA PAPERS NTHK 2",iesada-papers-nthk-2
6261,"IESADA PAPERS NTHK 1",iesada-papers-nthk-1
6260,"IESADA PAPERS NPO 2",iesada-papers-npo-2
6259,"IESADA PAPERS NPO 1",iesada-papers-npo-1
6255,"Sadatsugu Sho Papers 2",sadatsugu-sho-papers-2
6254,"Sadatsugu Sho Papers 1",sadatsugu-sho-papers-1
6253,"SADATSUGU SHO NAKAGO U",sadatsugu-sho-nakago-u
6252,"SADATSUGU SHO NAKAGO O",sadatsugu-sho-nakago-o
6251,"SADATSUGU SHO MEI",sadatsugu-sho-mei
6250,"SADATSUGU SHO HAMACHI O",sadatsugu-sho-hamachi-o
6249,"SADATSUGU SHO HABAKI",sadatsugu-sho-habaki
6248,"SADATSUGU SHO FVU",sadatsugu-sho-fvu
6247,"SADATSUGU SHO FVO",sadatsugu-sho-fvo
6246,"SADATSUGU SHO BOSHI U",sadatsugu-sho-boshi-u
6245,"SADATSUGU SHO BOSHI O",sadatsugu-sho-boshi-o
6244,"SADATSUGU SHO ACT 6",sadatsugu-sho-act-6
6243,"SADATSUGU SHO ACT 5",sadatsugu-sho-act-5
6242,"SADATSUGU SHO ACT 4",sadatsugu-sho-act-4
6241,"SADATSUGU SHO ACT 3",sadatsugu-sho-act-3
6240,"SADATSUGU SHO ACT 2",sadatsugu-sho-act-2
6239,"SADATSUGU SHO ACT 1",sadatsugu-sho-act-1
6238,"SADATSUGU DAISHO SHIRASAYA",sadatsugu-daisho-shirasaya
6237,"SADATSUGU DAISHO HABAKI",sadatsugu-daisho-habaki-2
6236,"SADATSUGU DAISHO FV",sadatsugu-daisho-fv-2
6235,"SADATSUGU DAISHO HABAKI",sadatsugu-daisho-habaki
6234,"SADATSUGU DAISHO FV",sadatsugu-daisho-fv
6233,"SADATSUGU DAI SHIRASAYA",sadatsugu-dai-shirasaya
6232,"Sadatsugu Dai Papers 2",sadatsugu-dai-papers-2
6231,"Sadatsugu Dai Papers 1",sadatsugu-dai-papers-1
6230,"SADATSUGU DAI NAKAGO U",sadatsugu-dai-nakago-u
6229,"SADATSUGU DAI NAKAGO O",sadatsugu-dai-nakago-o
6228,"SADATSUGU DAI MEI",sadatsugu-dai-mei
6227,"SADATSUGU DAI HAMACHI U",sadatsugu-dai-hamachi-u
6226,"SADATSUGU DAI HAMACHI O",sadatsugu-dai-hamachi-o
6225,"SADATSUGU DAI HABAKI",sadatsugu-dai-habaki
6224,"SADATSUGU DAI FVU",sadatsugu-dai-fvu
6223,"SADATSUGU DAI FVO",sadatsugu-dai-fvo
6222,"SADATSUGU DAI BOSHI U",sadatsugu-dai-boshi-u
6221,"SADATSUGU DAI BOSHI O",sadatsugu-dai-boshi-o
6220,"SADATSUGU DAI BOSHI CUU",sadatsugu-dai-boshi-cuu
6219,"SADATSUGU DAI BOSHI CUO",sadatsugu-dai-boshi-cuo
6218,"SADATSUGU DAI ACT 4",sadatsugu-dai-act-4
6217,"SADATSUGU DAI ACT 3",sadatsugu-dai-act-3
6216,"SADATSUGU DAI ACT 2",sadatsugu-dai-act-2
6215,"SADATSUGU DAI ACT 1",sadatsugu-dai-act-1
6185,"KAT HIROMASA UBUBA",kat-hiromasa-ububa
6184,"KAT HIROMASA SHIRASAYA",kat-hiromasa-shirasaya
6183,"KAT HIROMASA PAPERS",kat-hiromasa-papers
6182,"KAT HIROMASA NAKAGO U",kat-hiromasa-nakago-u
6181,"KAT HIROMASA NAKAGO O",kat-hiromasa-nakago-o
6180,"KAT HIROMASA MEI",kat-hiromasa-mei
6179,"KAT HIROMASA HAMACHI O",kat-hiromasa-hamachi-o
6178,"KAT HIROMASA HABAKI",kat-hiromasa-habaki
6177,"KAT HIROMASA FVU",kat-hiromasa-fvu
6176,"KAT HIROMASA FVO",kat-hiromasa-fvo
6175,"KAT HIROMASA DATE",kat-hiromasa-date
6174,"KAT HIROMASA BOSHI U",kat-hiromasa-boshi-u
6173,"KAT HIROMASA BOSHI O 2",kat-hiromasa-boshi-o-2
6172,"KAT HIROMASA ACT 8",kat-hiromasa-act-8
6171,"KAT HIROMASA ACT 7",kat-hiromasa-act-7
6170,"KAT HIROMASA ACT 6",kat-hiromasa-act-6
6169,"KAT HIROMASA ACT 5",kat-hiromasa-act-5
6168,"KAT HIROMASA ACT 4",kat-hiromasa-act-4
6167,"KAT HIROMASA ACT 3",kat-hiromasa-act-3
6166,"KAT HIROMASA ACT 2",kat-hiromasa-act-2
6165,"KAT HIROMASA ACT 1",kat-hiromasa-act-1
6161,"KOGATANA MEI CU",kogatana-mei-cu
6160,"KOGATANA MEI 1",kogatana-mei-1
6147,"KAT MASAHIRO SHIRASAYA",kat-masahiro-shirasaya
6146,"KAT MASAHIRO NAKAGO U",kat-masahiro-nakago-u
6145,"KAT MASAHIRO NAKAGO O",kat-masahiro-nakago-o
6144,"KAT MASAHIRO MEI",kat-masahiro-mei
6143,"KAT MASAHIRO KAJIHARA WORKSHEET FV",kat-masahiro-kajihara-worksheet-fv
6142,"KAT MASAHIRO KAJIHARA WORKSHEET CU",kat-masahiro-kajihara-worksheet-cu
6141,"KAT MASAHIRO HIZEN PAPERS",kat-masahiro-hizen-papers
6140,"KAT MASAHIRO HAMACHI U",kat-masahiro-hamachi-u
6139,"KAT MASAHIRO HAMACHI O",kat-masahiro-hamachi-o
6138,"KAT MASAHIRO HABAKI",kat-masahiro-habaki
6137,"KAT MASAHIRO FVU",kat-masahiro-fvu
6136,"KAT MASAHIRO FVO",kat-masahiro-fvo
6132,Menuki_Elephants_Mei,menuki_elephants_mei
6131,Menuki_Elephants_FV_Rear,menuki_elephants_fv_rear
6130,Menuki_Elephants_FV_Frt,menuki_elephants_fv_frt
6129,Menuki_Elephants_CU2,menuki_elephants_cu2
6128,Menuki_Elephants_CU1,menuki_elephants_cu1
6123,"KOSHIRAE FISH TSUNAGI:HABAKI",koshirae-fish-tsunagihabaki
6122,"KOSHIRAE FISH KOZUKA REVERSE",koshirae-fish-kozuka-reverse
6121,"KOSHIRAE FISH KOZ:KOG REVERSE",koshirae-fish-kozkog-reverse
6120,"KOSHIRAE FISH KOZ:KOG OBVERSE",koshirae-fish-kozkog-obverse
6119,"KOSHIRAE FISH KOGATANA",koshirae-fish-kogatana
6113,"Tsuka RAW 300 pixels:inch test",tsuka-raw-300-pixelsinch-test
6112,"KOSH FISH THEME TSUKA O",kosh-fish-theme-tsuka-o
6111,"KOSH FISH THEME TSUBA MEI",kosh-fish-theme-tsuba-mei
6110,"KOSH FISH THEME MENUKI 2",kosh-fish-theme-menuki-2
6109,"KOSH FISH THEME Menuki 1",kosh-fish-theme-menuki-1
6108,"KOSH FISH THEME KOZUKA",kosh-fish-theme-kozuka
6107,"KOSH FISH THEME KASHIRA CU",kosh-fish-theme-kashira-cu
6106,"KOSH FISH THEME KASHIRA 1",kosh-fish-theme-kashira-1
6105,"KOSH FISH THEME FVU",kosh-fish-theme-fvu
6104,"KOSH FISH THEME FVO",kosh-fish-theme-fvo
6103,"KOSH FISH THEME FUCHI 2",kosh-fish-theme-fuchi-2
6102,"KOSH FISH THEME FUCHI 1",kosh-fish-theme-fuchi-1
6101,"KOSH FISH THEME CUU 1",kosh-fish-theme-cuu-1
6100,"FISHERMAN-CORMORANTS CU",fisherman-cormorants-cu
6099,"FISHERMAN CU",fisherman-cu
6098,"FISH THEME REVERSE FV",fish-theme-reverse-fv
6097,"FISH THEME OBVERSE FV",fish-theme-obverse-fv
6096,"FISH THEME MOON CU",fish-theme-moon-cu
6095,"FISH THEME BOAT",fish-theme-boat
6080,"YOSHINOBU UMETADA PAPERS",yoshinobu-umetada-papers
6079,"YOSHINOBU SHIRASAYA",yoshinobu-shirasaya
6078,"YOSHINOBU MEI",yoshinobu-mei
6077,"YOSHINOBU HAMACHI U",yoshinobu-hamachi-u
6076,"YOSHINOBU HAMACHI O",yoshinobu-hamachi-o
6075,"YOSHINOBU FVU",yoshinobu-fvu
6074,"YOSHINOBU FVO",yoshinobu-fvo
6073,"YOSHINOBU CUU3",yoshinobu-cuu3
6072,"YOSHINOBU CUU2",yoshinobu-cuu2
6071,"YOSHINOBU CUU1",yoshinobu-cuu1
6070,"YOSHINOBU CUO3",yoshinobu-cuo3
6069,"YOSHINOBU CUO2",yoshinobu-cuo2
6068,"YOSHINOBU CUO1",yoshinobu-cuo1
6067,"YOSHINOBU BOSHI U",yoshinobu-boshi-u
6066,"YOSHINOBU BOSHI O",yoshinobu-boshi-o
6065,"YOSHINOBU BOSHI CUU",yoshinobu-boshi-cuu
6064,"YOSHINOBU BOSHI CUO",yoshinobu-boshi-cuo
6063,"YOSHINOBU ACT 2",yoshinobu-act-2
6062,"YOSHINOBU ACT 1",yoshinobu-act-1
6027,TCFord_3,tcford_3
6025,"Masazane 2",masazane-2
6024,"Hartley 1964",hartley-1964
6023,"F4F Wildcat 2",f4f-wildcat-2
6022,EdMarshalColHartley,edmarshalcolhartley
6021,DSCF0545,dscf0545
6020,DeanHartley_KentaroYoshikawa,deanhartley_kentaroyoshikawa
6019,"Dean Hartley",dean-hartley
6018,"Dean Hartley Date unkown",dean-hartley-date-unkown
6017,Col,col
6016,Col.Hartely_Jessica,col-hartely_jessica
6007,"OKIMITSU FVU",okimitsu-fvu
6006,"OKIMITSU FVO",okimitsu-fvo
6005,"OKIMITSU DATE",okimitsu-date
6004,"OKIMITSU BOSHI U",okimitsu-boshi-u
6003,"OKIMITSU BOSHI O",okimitsu-boshi-o
6002,"OKIMITSU ACT 8",okimitsu-act-8
6001,"OKIMITSU ACT 7",okimitsu-act-7
6000,"OKIMITSU ACT 4",okimitsu-act-4
5999,"OKIMITSU ACT 3",okimitsu-act-3
5998,"OKIMITSU ACT 2",okimitsu-act-2
5997,"OKIMITSU HABAKI FRT",okimitsu-habaki-frt
5996,"OKIMITSU HABAKI 5",okimitsu-habaki-5
5995,"OKIMITSU HABAKI 3",okimitsu-habaki-3
5994,"OKIMITSU HABAKI 2",okimitsu-habaki-2
5993,"OKIMITSU SHIRA",okimitsu-shira
5992,"OKIMITSU PAPERS",okimitsu-papers
5991,"OKIMITSU NAKAGO U",okimitsu-nakago-u
5990,"OKIMITSU NAKAGO O",okimitsu-nakago-o
5989,"OKIMITSU MEI",okimitsu-mei
5988,"OKIMITSU HAMACHI U",okimitsu-hamachi-u
5987,"OKIMITSU HAMACHI O",okimitsu-hamachi-o
5972,"tsuba_omori_dragon_cuhead copy",tsuba_omori_dragon_cuhead-copy
5971,"OMORI GOLD DRAGON REVERSE",omori-gold-dragon-reverse
5970,"OMORI GOLD DRAGON OBVERSE",omori-gold-dragon-obverse
5969,"OMORI GOLD DRAGON CU 1",omori-gold-dragon-cu-1
5968,"OMORI GOLD DRAGON ANGLE 2",omori-gold-dragon-angle-2
5967,"OMORI GOLD DRAGON ANGLE 1",omori-gold-dragon-angle-1
5959,post-2023-14196863614145_thumb,post-2023-14196863614145_thumb
5957,post-2023-14196863609164_thumb,post-2023-14196863609164_thumb
5956,post-2023-14196863603641_thumb,post-2023-14196863603641_thumb
5955,"post-2023-14196863599596_thumb 2",post-2023-14196863599596_thumb-2
5950,tsuba_masatoshi_rear,tsuba_masatoshi_rear
5949,tsuba_masatoshi_frt,tsuba_masatoshi_frt-2
5948,tsuba_masatoshi_cu6,tsuba_masatoshi_cu6
5947,"tsuba_masatoshi_cu4 copy",tsuba_masatoshi_cu4-copy
5946,tsuba_masatoshi_cu1,tsuba_masatoshi_cu1
5945,"AkaoYoshitsuguCranes copy",akaoyoshitsugucranes-copy-3
5944,"AkaoYoshitsuguCranes copy 2",akaoyoshitsugucranes-copy-2
5943,"AKAO YOSHITSUGU PAPERS",akao-yoshitsugu-papers
5942,Tsuba_Toran_Kei,tsuba_toran_kei
5941,"Tsuba TORAN KEI FVB2",tsuba-toran-kei-fvb2
5940,"Tsuba TORAN KEI FVB1",tsuba-toran-kei-fvb1
5939,"Tsuba TORAN KEI FV Box",tsuba-toran-kei-fv-box
5911,"KUNITERU PAPERS",kuniteru-papers
5910,"KUNITERU NAKAGO U",kuniteru-nakago-u
5909,"KUNITERU NAKAGO CUO",kuniteru-nakago-cuo
5908,"KUNITERU MEI",kuniteru-mei
5902,"KUNITERU FVU",kuniteru-fvu
5901,"KUNITERU FVO",kuniteru-fvo
5900,"KUNITERU CUU3",kuniteru-cuu3
5899,"KUNITERU CUU2",kuniteru-cuu2
5898,"KUNITERU CUU1",kuniteru-cuu1
5897,"KUNITERU CUO3",kuniteru-cuo3
5896,"KUNITERU CUO2",kuniteru-cuo2
5895,"KUNITERU CUO1",kuniteru-cuo1
5894,"KUNITERU BOSHIO1",kuniteru-boshio1
5893,"KUNITERU BOSHI UA",kuniteru-boshi-ua-2
5892,"KUNITERU ACT5",kuniteru-act5
5891,"MASAHIRO HISHU HABAKI",masahiro-hishu-habaki
5890,"MASAHIRO HISHU CUO3",masahiro-hishu-cuo3
5889,"MASAHIRO HISHU CUO2",masahiro-hishu-cuo2
5888,"MASAHIRO HISHU CUO1",masahiro-hishu-cuo1
5887,"MASAHIRO HISHU PAPERS 2",masahiro-hishu-papers-2
5886,"MASAHIRO HISHU PAPERS 1",masahiro-hishu-papers-1
5885,"MASAHIRO HISHU NAKAGO U",masahiro-hishu-nakago-u
5884,"MASAHIRO HISHU NAKAGO O",masahiro-hishu-nakago-o
5883,"MASAHIRO HISHU FVU",masahiro-hishu-fvu
5882,"MASAHIRO HISHU FVO",masahiro-hishu-fvo
5881,"MASAHIRO HISHU CUU3",masahiro-hishu-cuu3
5880,"MASAHIRO HISHU CUU2",masahiro-hishu-cuu2
5879,"MASAHIRO HISHU CUU1",masahiro-hishu-cuu1
5878,"MASAHIRO HISHU BOSHI U",masahiro-hishu-boshi-u
5877,"MASAHIRO HISHU BOSHI O",masahiro-hishu-boshi-o
5876,"MASAHIRO HISHU SHIRA",masahiro-hishu-shira
5875,"MASAHIRO HISHU MEI",masahiro-hishu-mei
5864,"MASAHIRO HISHU ACT3",masahiro-hishu-act3
5863,"MASAHIRO HISHU ACT2",masahiro-hishu-act2
5862,"MASAHIRO HISHU ACT 7",masahiro-hishu-act-7
5861,"MASAHIRO HISHU ACT 6",masahiro-hishu-act-6
5860,"MASAHIRO HISHU ACT 5",masahiro-hishu-act-5
5859,"MASAHIRO HISHU ACT 4",masahiro-hishu-act-4
5858,"MASAHIRO HISHU ACT 1",masahiro-hishu-act-1
5857,"KUNITERU XCUO",kuniteru-xcuo
5856,"KUNITERU SHIRASAYA",kuniteru-shirasaya
5855,"KUNITERU HABAKI O1 (BT)",kuniteru-habaki-o1-bt
5854,"KUNITERU HABAKI FVU (BT)",kuniteru-habaki-fvu-bt
5853,"KUNITERU HABAKI CU2 (BT)",kuniteru-habaki-cu2-bt
5852,"KUNITERU HABAKI CU1 (BT)",kuniteru-habaki-cu1-bt
5843,"KUNITERU BOSHI UA",kuniteru-boshi-ua
5841,"KUNITERU ACT 8",kuniteru-act-8
5840,"KUNITERU ACT 7",kuniteru-act-7
5839,"KUNITERU ACT 4",kuniteru-act-4
5838,"KUNITERU ACT 2",kuniteru-act-2
5837,"KUNITERU ACT 1",kuniteru-act-1
5832,"Kunihiro matching Habaki FV",kunihiro-matching-habaki-fv-2
5831,"Kunihiro matching Habaki CU",kunihiro-matching-habaki-cu-2
5830,"Kunihiro matching Habaki FV",kunihiro-matching-habaki-fv
5829,"Kunihiro matching Habaki CU",kunihiro-matching-habaki-cu
5815,"KUNIHIRO SHO MEI copy",kunihiro-sho-mei-copy-2
5814,DSCF5191,dscf5191
5811,"KUNIHIRO DAI ACT 10",kunihiro-dai-act-10
5810,"KUNIHIRO DAI ACT 9",kunihiro-dai-act-9
5809,"KUNIHIRO DAI ACT 8",kunihiro-dai-act-8
5808,"KUNIHIRO DAI ACT 6",kunihiro-dai-act-6
5807,"KUNIHIRO DAI ACT 4",kunihiro-dai-act-4
5806,"KUNIHIRO DAI ACT 3",kunihiro-dai-act-3
5805,"KUNIHIRO DAI ACT 2",kunihiro-dai-act-2
5804,"KUNIHIRO DAI ACT 1",kunihiro-dai-act-1
5803,"KUNIHIRO DAI BOSHI U",kunihiro-dai-boshi-u
5802,"KUNIHIRO DAI BOSHI O",kunihiro-dai-boshi-o
5801,"KUNIHIRO DAI BOSHI CUU",kunihiro-dai-boshi-cuu
5800,"KUNIHIRO DAI BOSHI CUO",kunihiro-dai-boshi-cuo
5799,"KUNIHIRO DAI FVO",kunihiro-dai-fvo
5798,"KUNIHIRO DAI CUU3",kunihiro-dai-cuu3
5797,"KUNIHIRO DAI CUU2",kunihiro-dai-cuu2
5796,"KUNIHIRO DAI CUU1",kunihiro-dai-cuu1
5795,"KUNIHIRO DAI CUO3",kunihiro-dai-cuo3
5794,"KUNIHIRO DAI CUO2",kunihiro-dai-cuo2
5793,"KUNIHIRO DAI CUO1",kunihiro-dai-cuo1
5792,"KUNIHIRO MEI COPY",kunihiro-mei-copy-2
5791,"KUNIHIRO DAI SHIRA",kunihiro-dai-shira
5790,"Kunihiro Dai Papers 2",kunihiro-dai-papers-2
5789,"Kunihiro Dai Papers 1",kunihiro-dai-papers-1
5788,"KUNIHIRO DAI HABAKI",kunihiro-dai-habaki
5787,"KUNIHIRO DAI FVU",kunihiro-dai-fvu
5786,"KUNIHIRO SHO BOSHI U",kunihiro-sho-boshi-u
5785,"KUNIHIRO SHO BOSHI O",kunihiro-sho-boshi-o
5784,"KUNIHIRO SHO ACT 5",kunihiro-sho-act-5
5783,"KUNIHIRO SHO ACT 4",kunihiro-sho-act-4
5782,"KUNIHIRO SHO ACT 3",kunihiro-sho-act-3
5781,"KUNIHIRO SHO ACT 2",kunihiro-sho-act-2
5780,"KUNIHIRO SHO ACT 1",kunihiro-sho-act-1
5779,"KUNIHIRO SHO CUU 3",kunihiro-sho-cuu-3
5778,"KUNIHIRO SHO CUU 2",kunihiro-sho-cuu-2
5777,"KUNIHIRO SHO CUU 1",kunihiro-sho-cuu-1
5776,"KUNIHIRO SHO CUO 3",kunihiro-sho-cuo-3
5775,"KUNIHIRO SHO CUO 2",kunihiro-sho-cuo-2
5774,"KUNIHIRO SHO CUO 1",kunihiro-sho-cuo-1
5773,"KUNIHIRO SHO SHIRASAYA",kunihiro-sho-shirasaya
5772,"KUNIHIRO SHO PAPERS",kunihiro-sho-papers
5771,"KUNIHIRO SHO MEI copy",kunihiro-sho-mei-copy
5770,"KUNIHIRO SHO FVU",kunihiro-sho-fvu
5769,"KUNIHIRO SHO FVO",kunihiro-sho-fvo
5760,ken_senjuin_shira,ken_senjuin_shira
5759,ken_senjuin_papers1,ken_senjuin_papers1
5758,"ken_senjuin_papers1 copy2",ken_senjuin_papers1-copy2
5757,"ken_senjuin_nakagomerge 2",ken_senjuin_nakagomerge-2
5756,ken_senjuin_kissakimerge,ken_senjuin_kissakimerge
5755,ken_senjuin_habaki,ken_senjuin_habaki
5754,"ken_senjuin_fv2 2",ken_senjuin_fv2-2
5753,"ken_senjuin_fv1 2",ken_senjuin_fv1-2
5752,"ken_senjuin_cubmerge 2",ken_senjuin_cubmerge-2
5751,"ken_senjuin_cuamerge 2",ken_senjuin_cuamerge-2
5750,ken_senjuin_activetymerge,ken_senjuin_activetymerge
5749,ken_L_o_boshiend,ken_l_o_boshiend
5742,tsuba_masatoshi_frt,tsuba_masatoshi_frt
5741,"AkaoYoshitsuguCranes copy",akaoyoshitsugucranes-copy
5740,Tsuba_Katchushi_Shobu_frt,tsuba_katchushi_shobu_frt
5732,"Tsuba Omori Shishi-Botan Reverse CU1",tsuba-omori-shishi-botan-reverse-cu1
5707,"Kanemoto Uragawara",kanemoto-uragawara
5706,"Kanemoto Tsunagi",kanemoto-tsunagi
5705,"Kanemoto Tsunagi CU",kanemoto-tsunagi-cu
5704,"Kanemoto Tsuka U",kanemoto-tsuka-u
5703,"Kanemoto Tsuka O",kanemoto-tsuka-o
5702,"Kanemoto Tsuba Reverse",kanemoto-tsuba-reverse
5701,"Kanemoto Tsuba Obverse",kanemoto-tsuba-obverse
5700,"Kanemoto Tsuba Mounted",kanemoto-tsuba-mounted
5699,"Kanemoto Shirasaya",kanemoto-shirasaya
5698,"Kanemoto MEI",kanemoto-mei
5697,"Kanemoto Kosh FVU",kanemoto-kosh-fvu
5696,"Kanemoto Kosh FVO",kanemoto-kosh-fvo
5695,"Kanemoto Kashira",kanemoto-kashira
5694,"Kanemoto Habaki",kanemoto-habaki
5693,"Kanemoto FVU",kanemoto-fvu
5692,"Kanemoto FVO",kanemoto-fvo
5691,"Kanemoto Fuchi Menuki 2",kanemoto-fuchi-menuki-2
5690,"Kanemoto Fuchi Menuki 1",kanemoto-fuchi-menuki-1
5689,"Kanemoto CUU 2",kanemoto-cuu-2
5688,"Kanemoto CUU 1",kanemoto-cuu-1
5687,"Kanemoto CUO 2",kanemoto-cuo-2
5686,"Kanemoto CUO 1",kanemoto-cuo-1
5685,"Kanemoto Boshi U",kanemoto-boshi-u
5684,"Kanemoto Boshi O",kanemoto-boshi-o
5683,"Kanehiro ShiraO",kanehiro-shirao
5682,"KANEHIRO HIGO PAPERS 2",kanehiro-higo-papers-2
5681,"KANEHIRO HIGO PAPERS 1",kanehiro-higo-papers-1
5680,"Kanehiro HamachiU",kanehiro-hamachiu
5679,"Kanehiro HamachiO",kanehiro-hamachio
5678,"Kanehiro FVU",kanehiro-fvu
5677,"Kanehiro FVO",kanehiro-fvo
5676,"Kanehiro CUU3",kanehiro-cuu3
5675,"Kanehiro CUU2",kanehiro-cuu2
5674,"Kanehiro CUU1",kanehiro-cuu1
5673,"Kanehiro CUO3",kanehiro-cuo3
5672,"Kanehiro CUO2",kanehiro-cuo2
5671,"Kanehiro CUO1",kanehiro-cuo1
5670,"Kanehiro Boshi U",kanehiro-boshi-u-2
5669,"Kanehiro Boshi O",kanehiro-boshi-o-2
5668,"Kanehiro Act 3",kanehiro-act-3-2
5667,"Kanehiro Act 2",kanehiro-act-2-2
5666,"Kanehiro Act 1",kanehiro-act-1-2
5665,"Kanehiro Boshi U",kanehiro-boshi-u
5664,"Kanehiro Boshi O",kanehiro-boshi-o
5663,"Kanehiro Act 3",kanehiro-act-3
5662,"Kanehiro Act 2",kanehiro-act-2
5661,"Kanehiro Act 1",kanehiro-act-1
5660,"Tsuba Omori Shishi-Botan Reverse",tsuba-omori-shishi-botan-reverse
5658,"Tsuba Omori shishi-Botan Papers 2",tsuba-omori-shishi-botan-papers-2
5657,"Tsuba Omori shishi-Botan Papers 1",tsuba-omori-shishi-botan-papers-1
5656,"Tsuba Omori Shishi-Botan Obverse FV",tsuba-omori-shishi-botan-obverse-fv
5655,"Tsuba Omori Shishi-Botan Obverse CU1",tsuba-omori-shishi-botan-obverse-cu1
5654,"Tsuba Omori Shishi-Botan MimiCU2",tsuba-omori-shishi-botan-mimicu2
5653,"Tsuba Omori Shishi-Botan MimiCU",tsuba-omori-shishi-botan-mimicu
5652,"Tsuba Omori Shishi-Botan CUShishi",tsuba-omori-shishi-botan-cushishi
5651,"Tsuba Omori Shishi-Botan CUPeony",tsuba-omori-shishi-botan-cupeony
5633,Wak_Masahiro_Papers2,wak_masahiro_papers2
5632,Wak_Masahiro_Papers1,wak_masahiro_papers1
5631,H15-Wak_Mumei_shirasaya,h15-wak_mumei_shirasaya
5630,H15-Wak_Mumei_KissR2,h15-wak_mumei_kissr2
5629,H15-Wak_Mumei_KissR1,h15-wak_mumei_kissr1
5628,H15-Wak_Mumei_Habaki,h15-wak_mumei_habaki
5627,H15-Wak_Mumei_FVRU2,h15-wak_mumei_fvru2
5626,H15-Wak_Mumei_FVRO1,h15-wak_mumei_fvro1
5625,H15-Wak_Mumei_CUU3,h15-wak_mumei_cuu3
5624,H15-Wak_Mumei_CUU2,h15-wak_mumei_cuu2
5623,H15-Wak_Mumei_CUU1,h15-wak_mumei_cuu1
5622,H15-Wak_Mumei_CUO3,h15-wak_mumei_cuo3
5621,H15-Wak_Mumei_CUO2,h15-wak_mumei_cuo2
5620,H15-Wak_Mumei_CUO1,h15-wak_mumei_cuo1
5619,H15-Wak_Mumei_CUHori-Tip,h15-wak_mumei_cuhori-tip
5618,H15-Wak_Mumei_Act_B1,h15-wak_mumei_act_b1
5617,H15-Wak_Mumei_Act_A2,h15-wak_mumei_act_a2
5616,H15-Wak_Mumei_Act_A1,h15-wak_mumei_act_a1
5607,"Tanto_Nobukuni_Tsunagi 2",tanto_nobukuni_tsunagi-2
5606,"Tanto_Nobukuni_Shirasaya 2",tanto_nobukuni_shirasaya-2
5605,Tanto_Nobukuni_Seppa,tanto_nobukuni_seppa
5604,Tanto_Nobukuni_Papers1,tanto_nobukuni_papers1
5603,"Tanto_Nobukuni_Papers copy",tanto_nobukuni_papers-copy
5602,Tanto_Nobukuni_Nakago_merge,tanto_nobukuni_nakago_merge
5601,Tanto_Nobukuni_KoshiraeFV3,tanto_nobukuni_koshiraefv3
5600,Tanto_Nobukuni_Koshirae_Tsuba_FVU,tanto_nobukuni_koshirae_tsuba_fvu
5599,Tanto_Nobukuni_Koshirae_Tsuba_FVO,tanto_nobukuni_koshirae_tsuba_fvo
5598,Tanto_Nobukuni_Koshirae_SayaDragons1,tanto_nobukuni_koshirae_sayadragons1
5597,Tanto_Nobukuni_Koshirae_Papers2,tanto_nobukuni_koshirae_papers2
5596,"Tanto_Nobukuni_Koshirae_Papers2 copy",tanto_nobukuni_koshirae_papers2-copy
5595,Tanto_Nobukuni_Koshirae_Papers1,tanto_nobukuni_koshirae_papers1
5594,Tanto_Nobukuni_Koshirae_Menuki2,tanto_nobukuni_koshirae_menuki2
5593,Tanto_Nobukuni_Koshirae_Menuki1,tanto_nobukuni_koshirae_menuki1
5592,Tanto_Nobukuni_Koshirae_Kojiri3,tanto_nobukuni_koshirae_kojiri3
5591,Tanto_Nobukuni_Koshirae_Kojiri2,tanto_nobukuni_koshirae_kojiri2
5590,Tanto_Nobukuni_Koshirae_Kojiri1,tanto_nobukuni_koshirae_kojiri1
5589,Tanto_Nobukuni_Koshirae_Kojiri_mei1,tanto_nobukuni_koshirae_kojiri_mei1
5588,Tanto_Nobukuni_Koshirae_Kashira3,tanto_nobukuni_koshirae_kashira3
5587,Tanto_Nobukuni_Koshirae_Kashira2,tanto_nobukuni_koshirae_kashira2
5586,Tanto_Nobukuni_Koshirae_Kashira1,tanto_nobukuni_koshirae_kashira1
5585,Tanto_Nobukuni_Koshirae_Habaki4,tanto_nobukuni_koshirae_habaki4
5584,Tanto_Nobukuni_Koshirae_Habaki3,tanto_nobukuni_koshirae_habaki3
5583,Tanto_Nobukuni_Koshirae_FV2,tanto_nobukuni_koshirae_fv2
5582,Tanto_Nobukuni_Koshirae_FV1,tanto_nobukuni_koshirae_fv1
5581,Tanto_Nobukuni_Koshirae_Fuchi3,tanto_nobukuni_koshirae_fuchi3
5580,Tanto_Nobukuni_Koshirae_Fuchi1,tanto_nobukuni_koshirae_fuchi1
5579,Tanto_Nobukuni_Kissaki2,tanto_nobukuni_kissaki2
5578,Tanto_Nobukuni_Kissaki1,tanto_nobukuni_kissaki1
5577,Tanto_Nobukuni_Habaki,tanto_nobukuni_habaki
5576,"Tanto Nobukuni FVO D2",tanto-nobukuni-fvo-d2
5575,"Tanto Nobukuni FVO D1",tanto-nobukuni-fvo-d1
5574,"Tanto Nobukuni CUU D1",tanto-nobukuni-cuu-d1
5573,"Tanto Nobukuni CUO D2",tanto-nobukuni-cuo-d2
5572,"Tanto Nobukuni Boshi Merge D1",tanto-nobukuni-boshi-merge-d1
5558,"TOSHO HOJU REVERSE",tosho-hoju-reverse
5557,"TOSHO HOJU PAPERS",tosho-hoju-papers
5556,"TOSHO HOJU OBVERSE",tosho-hoju-obverse
5555,"TOSHO HOJU MIMI 2",tosho-hoju-mimi-2
5554,"TOSHO HOJU MIMI 1",tosho-hoju-mimi-1
5553,"TOSHO HOJU CU2",tosho-hoju-cu2
5552,"TOSHO HOJU CU1",tosho-hoju-cu1
5544,"Toshisada_Reverse copy",toshisada_reverse-copy
5543,"Toshisada_Obverse copy",toshisada_obverse-copy
5542,"Toshisada Mei copy",toshisada-mei-copy
5526,tsuba_sakura_seppadai2,tsuba_sakura_seppadai2
5525,tsuba_sakura_rear,tsuba_sakura_rear
5524,tsuba_sakura_nanako2,tsuba_sakura_nanako2
5523,tsuba_sakura_frt,tsuba_sakura_frt
5522,tsuba_sakura_cumimi3,tsuba_sakura_cumimi3
5521,tsuba_sakura_cumimi2,tsuba_sakura_cumimi2
5510,"Sadahito CUU2",sadahito-cuu2-2
5507,"SADAHITO MEI",sadahito-mei
5506,"SADAHITO MEI 2",sadahito-mei-2
5505,"Sadahito Habaki",sadahito-habaki
5504,"Sadahito Boshi U",sadahito-boshi-u
5503,"Sadahito Boshi O",sadahito-boshi-o
5502,"Sadahito Boshi Act1",sadahito-boshi-act1
5501,"Sadahito Act 4",sadahito-act-4
5500,"Sadahito Act 3",sadahito-act-3
5499,"Sadahito Act 2",sadahito-act-2
5498,"Sadahito Act 1",sadahito-act-1
5497,"Sadahito Sayagaki CUO1 copy",sadahito-sayagaki-cuo1-copy
5496,"Sadahito Ububa",sadahito-ububa
5495,"Sadahito Shirasaya FVU",sadahito-shirasaya-fvu
5494,"Sadahito Shirasaya FVO",sadahito-shirasaya-fvo
5493,"Sadahito Sayagaki CUU copy",sadahito-sayagaki-cuu-copy
5492,"Sadahito Sayagaki CUO3 copy",sadahito-sayagaki-cuo3-copy
5491,"Sadahito Sayagaki CUO2 copy",sadahito-sayagaki-cuo2-copy
5490,"Sadahito FVU",sadahito-fvu
5489,"Sadahito FVO",sadahito-fvo
5488,"Sadahito CUU3",sadahito-cuu3
5487,"Sadahito CUU2",sadahito-cuu2
5486,"Sadahito CUU1",sadahito-cuu1
5485,"Sadahito CUO3",sadahito-cuo3
5484,"Sadahito CUO2",sadahito-cuo2
5483,"Sadahito CUO1",sadahito-cuo1
5471,DSCF9871,dscf9871
5470,DSCF9870,dscf9870
5442,"Mantetsu MP Tsuka O copy",mantetsu-mp-tsuka-o-copy
5441,"Mantetsu MP Tsuba copy",mantetsu-mp-tsuba-copy
5440,"Mantetsu MP Koshirae FVU copy",mantetsu-mp-koshirae-fvu-copy
5439,"Mantetsu MP Koshirae FVO copy",mantetsu-mp-koshirae-fvo-copy
5438,"Mantetsu MP Drag 2 copy",mantetsu-mp-drag-2-copy
5437,"Mantetsu MP Drag 1 copy",mantetsu-mp-drag-1-copy
5436,"Mantetsu MP Tsuka U copy",mantetsu-mp-tsuka-u-copy
5435,"Mantetsu MP Habaki copy",mantetsu-mp-habaki-copy
5434,"Mantetsu MP TO 2 copy",mantetsu-mp-to-2-copy
5433,"Mantetsu MP Mei FV copy",mantetsu-mp-mei-fv-copy
5432,"Mantetsu MP Date COPY",mantetsu-mp-date-copy
5431,"Mantetsu MP Boshi 1 copy",mantetsu-mp-boshi-1-copy
5430,"Mantetsu MP CUO5 copy",mantetsu-mp-cuo5-copy
5429,"Mantetsu MP CUO4 copy",mantetsu-mp-cuo4-copy
5428,"Mantetsu MP CUO3 copy",mantetsu-mp-cuo3-copy
5427,"Mantetsu MP CUO2 copy",mantetsu-mp-cuo2-copy
5426,"Mantetsu MP CUO1 copy",mantetsu-mp-cuo1-copy
5425,"Mantetsu MP Boshi 2 copy",mantetsu-mp-boshi-2-copy
5424,"Mantetsu MP FVO copy 2",mantetsu-mp-fvo-copy-2
5423,"Mantetsu MP FVU copy 2",mantetsu-mp-fvu-copy-2
5332,"KANETORA ACT 20",kanetora-act-20
5331,"KANETORA ACT 19",kanetora-act-19
5330,"KANETORA ACT 18",kanetora-act-18
5329,"KANETORA ACT 16",kanetora-act-16
5328,"KANETORA ACT 14",kanetora-act-14
5327,"KANETORA MUNE STAMP 3",kanetora-mune-stamp-3
5326,"KANETORA MUNE STAMP 2",kanetora-mune-stamp-2
5325,"KANETORA MUNE STAMP 1",kanetora-mune-stamp-1
5321,"Kanetora Shirasaya",kanetora-shirasaya
5320,"Kanetora NBTHK",kanetora-nbthk
5319,"Kanetora Nakago U",kanetora-nakago-u
5318,"Kanetora Nakago O",kanetora-nakago-o
5317,"Kanetora Hamachi U",kanetora-hamachi-u
5316,"Kanetora Hamachi O",kanetora-hamachi-o
5315,"Kanetora Habaki",kanetora-habaki
5314,"Kanetora FVU",kanetora-fvu
5313,"Kanetora FVO",kanetora-fvo
5312,"Kanetora Fujishiro Papers",kanetora-fujishiro-papers
5311,"Kanetora CUU3",kanetora-cuu3
5310,"Kanetora CUU2",kanetora-cuu2
5309,"Kanetora CUU1",kanetora-cuu1
5308,"Kanetora CUO3",kanetora-cuo3
5307,"Kanetora CUO2",kanetora-cuo2
5306,"Kanetora CUO1",kanetora-cuo1
5305,"Kanetora Boshi U",kanetora-boshi-u
5304,"Kanetora Boshi O",kanetora-boshi-o
5303,"Kanetora ACT 13",kanetora-act-13
5302,"Kanetora ACT 12",kanetora-act-12
5301,"Kanetora ACT 11",kanetora-act-11
5300,"Kanetora ACT 10",kanetora-act-10
5299,"Kanetora ACT 9",kanetora-act-9
5298,"Kanetora ACT 8",kanetora-act-8
5297,"Kanetora ACT 7",kanetora-act-7
5296,"Kanetora ACT 6",kanetora-act-6
5295,"Kanetora ACT 5",kanetora-act-5
5294,"Kanetora ACT 4",kanetora-act-4
5293,"Kanetora ACT 3",kanetora-act-3
5292,"Kanetora ACT 2",kanetora-act-2
5291,"Kanetora ACT 1",kanetora-act-1
5267,"LOGO Photo",logo-photo
5264,Elementor-post-screenshot_3331_2023-03-08-21-47-11_25b5b385.png,elementor-post-screenshot_3331_2023-03-08-21-47-11_25b5b385-png
5242,"Canaries Cropped copy",canaries-cropped-copy
5214,FB_Banner_3,fb_banner_3
5100,zen-buddha-reflection-434529,zen-buddha-reflection-434529
5099,tiktok-digitization-2023-7667148,tiktok-digitization-2023-7667148
5040,"Masamori Mei",masamori-mei
5039,"Masamori Kashira",masamori-kashira
5038,"masamori Fuchi 2",masamori-fuchi-2
5037,"Masamori Fuchi 1",masamori-fuchi-1
5036,"Masamori F:K Inside",masamori-fk-inside
5035,"Masamori F:K FV",masamori-fk-fv
5034,"Naonobu Papers",naonobu-papers
5033,"Naonobu Mei",naonobu-mei
5032,"Naonobu Mei 1",naonobu-mei-1
5031,"Naonobu Kashira",naonobu-kashira
5030,"Naonobu Kashira mei CU",naonobu-kashira-mei-cu
5029,"Naonobu Fuchi 2",naonobu-fuchi-2
5028,"Naonobu Fuchi 1",naonobu-fuchi-1
5027,"Naonobu F:K inside",naonobu-fk-inside
5026,"Naonobu F:K FV",naonobu-fk-fv
5025,"Soten Dragonfish Papers",soten-dragonfish-papers
5024,"Soten Dragonfish MEI",soten-dragonfish-mei
5023,"Soten Dragonfish Kashira",soten-dragonfish-kashira
5022,"Soten Dragonfish Fuchi CU",soten-dragonfish-fuchi-cu
5021,"Soten Dragonfish Fuchi 2",soten-dragonfish-fuchi-2
5020,"Soten Dragonfish Fuchi 1",soten-dragonfish-fuchi-1
5019,"Soten Dragonfish F:K FV",soten-dragonfish-fk-fv
5018,"Masakazu Puppy 2",masakazu-puppy-2
5017,"Masakazu Puppy 2 CU",masakazu-puppy-2-cu
5016,"Masakazu Puppy 1",masakazu-puppy-1
5015,"Masakazu Puppies Papers",masakazu-puppies-papers
5014,"Masakazu Puppies Mei CU",masakazu-puppies-mei-cu
5013,"Masakazu Puppies FV",masakazu-puppies-fv
5012,"Masakazu Puppies CU1",masakazu-puppies-cu1
5011,"Miboku Tsuba Reverse",miboku-tsuba-reverse
5010,"Miboku Tsuba Obverse",miboku-tsuba-obverse
5009,"Miboku Outer Box",miboku-outer-box
5008,"Miboku Mitokorimono",miboku-mitokorimono
5007,"Miboku Mitokorimono Papers",miboku-mitokorimono-papers
5006,"Miboku Menuki Mei FV",miboku-menuki-mei-fv
5005,"Miboku Menuki Mei CU3",miboku-menuki-mei-cu3
5004,"Miboku Menuki Mei CU2",miboku-menuki-mei-cu2
5003,"Miboku Menuki Mei CU 1",miboku-menuki-mei-cu-1
5002,"Miboku Menuki 2",miboku-menuki-2
5001,"Miboku Menuki 2 reverse",miboku-menuki-2-reverse
5000,"Miboku Menuki 1",miboku-menuki-1
4999,"Miboku Menuki 1 reverse",miboku-menuki-1-reverse
4998,"Miboku Fuchi2",miboku-fuchi2
4997,"Miboku Fuchi1",miboku-fuchi1
4986,Uragawara,uragawara-2
4985,Tsuka_U,tsuka_u-2
4984,Tsuka_O,tsuka_o-2
4983,"Tanto-Koshirae(suaka tosogu)_FVU",tanto-koshiraesuaka-tosogu_fvu-2
4982,"Tanto-Koshirae(suaka tosogu)_FVO",tanto-koshiraesuaka-tosogu_fvo-2
4981,Tanto_FVU,tanto_fvu-2
4980,Tanto_FVO,tanto_fvo-2
4979,Tanto_CUU4,tanto_cuu4-2
4978,Tanto_CUU3,tanto_cuu3-2
4977,Tanto_CUU2,tanto_cuu2-2
4976,Tanto_CUU1,tanto_cuu1-2
4975,Tanto_CUO4,tanto_cuo4-2
4974,Tanto_CUO3,tanto_cuo3-2
4973,Tanto_CUO2,tanto_cuo2-2
4972,Tanto_CUO1,tanto_cuo1-2
4971,Tanto_Act_5,tanto_act_5-2
4970,Tanto_Act_4,tanto_act_4-2
4969,Tanto_Act_3,tanto_act_3-2
4968,Tanto_Act_2,tanto_act_2-2
4967,Menuki_U,menuki_u-2
4966,Menuki_O,menuki_o-2
4965,Kurigata_2,kurigata_2-2
4964,Kojiri_U,kojiri_u-3
4963,Kojiri_O,kojiri_o-3
4962,Koiguchi-Kurigata-1,koiguchi-kurigata-1-2
4961,Kabutogane_U,kabutogane_u-2
4960,Kabutogane_O,kabutogane_o-2
4959,Habaki,habaki-2
4950,Uragawara,uragawara
4949,Tsuka_U,tsuka_u
4948,Tsuka_O,tsuka_o
4947,"Tanto-Koshirae(suaka tosogu)_FVU",tanto-koshiraesuaka-tosogu_fvu
4946,"Tanto-Koshirae(suaka tosogu)_FVO",tanto-koshiraesuaka-tosogu_fvo
4945,Tanto_FVU,tanto_fvu
4944,Tanto_FVO,tanto_fvo
4943,Tanto_CUU4,tanto_cuu4
4942,Tanto_CUU3,tanto_cuu3
4941,Tanto_CUU2,tanto_cuu2
4940,Tanto_CUU1,tanto_cuu1
4939,Tanto_CUO4,tanto_cuo4
4938,Tanto_CUO3,tanto_cuo3
4937,Tanto_CUO2,tanto_cuo2
4936,Tanto_CUO1,tanto_cuo1
4934,Tanto_Act_5,tanto_act_5
4933,Tanto_Act_4,tanto_act_4
4932,Tanto_Act_3,tanto_act_3
4931,Tanto_Act_2,tanto_act_2
4930,Tanto_Act_1,tanto_act_1
4929,Menuki_U,menuki_u
4928,Menuki_O,menuki_o
4927,Kurigata_2,kurigata_2
4926,Kojiri_U,kojiri_u-2
4925,Kojiri_O,kojiri_o-2
4924,Kojiri_U,kojiri_u
4923,Kojiri_O,kojiri_o
4922,Koiguchi-Kurigata-1,koiguchi-kurigata-1
4921,Kabutogane_U,kabutogane_u
4920,Kabutogane_O,kabutogane_o
4919,Habaki,habaki
4902,"Tadayoshi Tsuka U",tadayoshi-tsuka-u
4901,"Tadayoshi Tsuka O",tadayoshi-tsuka-o
4900,"Tadayoshi Tsuba-Tsuka",tadayoshi-tsuba-tsuka
4899,"Tadayoshi Tsuba 2",tadayoshi-tsuba-2
4898,"Tadayoshi Tsuba 1",tadayoshi-tsuba-1
4897,"Tadayoshi SHUMEI MORITAKA",tadayoshi-shumei-moritaka
4896,"Tadayoshi Shumei COPY",tadayoshi-shumei-copy
4895,"Tadayoshi Menuki 2",tadayoshi-menuki-2-2
4894,"Tadayoshi Menuki 1",tadayoshi-menuki-1-2
4893,"Tadayoshi Koshirae FVU",tadayoshi-koshirae-fvu
4892,"Tadayoshi Koshirae FVO",tadayoshi-koshirae-fvo
4891,"Tadayoshi FVU",tadayoshi-fvu
4890,"Tadayoshi FVO",tadayoshi-fvo
4889,"Tadayoshi FVO 1",tadayoshi-fvo-1
4888,"Tadayoshi CUU2",tadayoshi-cuu2
4887,"Tadayoshi CUU 3",tadayoshi-cuu-3-2
4886,"Tadayoshi CUO 3",tadayoshi-cuo-3-2
4885,"Tadayoshi CUO 2",tadayoshi-cuo-2-2
4884,"Tadayoshi CUO 1",tadayoshi-cuo-1-2
4883,"Tadayoshi Boshi U",tadayoshi-boshi-u-2
4882,"Tadayoshi Boshi O",tadayoshi-boshi-o-2
4881,"Tadayoshi Act 3",tadayoshi-act-3-2
4880,"Tadayoshi Act 2",tadayoshi-act-2-2
4879,"Tadayoshi Act 1",tadayoshi-act-1-2
4845,Masachika-Papers,masachika-papers-2
4834,Masachika-KOGAI-MEI,masachika-kogai-mei
4833,Masachika-Kozuka-CU,masachika-kozuka-cu
4832,Masachika-Kogai-CU,masachika-kogai-cu
4831,Masachika-FV,masachika-fv
4830,Masachika-FV-CU,masachika-fv-cu
4822,"Reverse-FV copy",reverse-fv-copy-3
4820,"Reverse-FV copy",reverse-fv-copy-2
4819,Peacock-2-Cu2,peacock-2-cu2
4818,Peacock-1-Cu2,peacock-1-cu2
4811,Peacock-1-Cu3,peacock-1-cu3
4810,Peacock-2-Cu3,peacock-2-cu3
4809,"Reverse-FV copy",reverse-fv-copy
4808,Peacocks-FV,peacocks-fv
4800,Peacock-2-Cu1,peacock-2-cu1
4797,Peacock-2-FV,peacock-2-fv
4796,Peacock-1-FV,peacock-1-fv
4793,Peacock-1-Cu1,peacock-1-cu1
4749,"Mitsumasa-Mei copy",mitsumasa-mei-copy
4747,Mitsumasa-CU1,mitsumasa-cu1
4711,Chikasuke-Papers,chikasuke-papers
4701,Mitsumasa-Reverse-FV,mitsumasa-reverse-fv
4700,Mitsumasa-Papers-Tokuho,mitsumasa-papers-tokuho
4699,Mitsumasa-Obverse-FV,mitsumasa-obverse-fv
4696,Mitsumasa-CU2,mitsumasa-cu2
4694,Masatatsu-Papers,masatatsu-papers
4693,Masatatsu-Kashira-FV,masatatsu-kashira-fv
4687,"Masachika Papers",masachika-papers
4686,Ginko-Mons,ginko-mons
4685,Masachika-KOZUKA-MEI,masachika-kozuka-mei
4672,Masatatsu-Mei,masatatsu-mei
4669,Ishiguro-Masatatsu-Kashira-CU3,ishiguro-masatatsu-kashira-cu3
4668,Ishiguro-Masatatsu-Kashira-CU2,ishiguro-masatatsu-kashira-cu2
4667,Ishiguro-Masatatsu-Kashira-CU1,ishiguro-masatatsu-kashira-cu1
4666,Ishiguro-Masatatsu-Fuchi-U,ishiguro-masatatsu-fuchi-u
4665,Ishiguro-Masatatsu-FK-FV,ishiguro-masatatsu-fk-fv
4664,Ishiguro-Masatatsu-Fuchi-O,ishiguro-masatatsu-fuchi-o
4663,Ishiguro-Masatatsu-Fuchi-FV2,ishiguro-masatatsu-fuchi-fv2
4662,Ishiguro-Masatatsu-Fuchi-CU1,ishiguro-masatatsu-fuchi-cu1
4661,"Ishiguro-Masatatsu-Fuchi -FV1",ishiguro-masatatsu-fuchi-fv1
4590,yellow-wall-concrete-1845394,yellow-wall-concrete-1845394
4527,Noriyuki-Kozuka-Face-CU,noriyuki-kozuka-face-cu
4513,Ichijo-Papers,ichijo-papers
4512,Joshin-Papers,joshin-papers
4511,Noriyuki-Papers,noriyuki-papers
4510,Noriyuki-Kozuka-Side-2,noriyuki-kozuka-side-2
4509,Noriyuki-Kozuka-Side-1,noriyuki-kozuka-side-1
4508,Noriyuki-Kozuka-Rear-FV,noriyuki-kozuka-rear-fv
4507,Noriyuki-Kozuka-Rear-CU,noriyuki-kozuka-rear-cu
4506,Noriyuki-Kozuka-FV-2,noriyuki-kozuka-fv-2
4505,Noriyuki-Kozuka-FV-1,noriyuki-kozuka-fv-1
4504,Noriyuki-Kozuka-End-2,noriyuki-kozuka-end-2
4503,Noriyuki-Kozuka-End-1,noriyuki-kozuka-end-1
4502,Noriyuki-Kozuka-CU-4,noriyuki-kozuka-cu-4
4501,Noriyuki-Kozuka-CU-3,noriyuki-kozuka-cu-3
4500,Noriyuki-Kozuka-CU-2,noriyuki-kozuka-cu-2
4497,Ichijo-Mei-CU1,ichijo-mei-cu1
4496,Ichijo-Kozuka-Rear-FV,ichijo-kozuka-rear-fv
4495,Ichijo-Kozuka-Front-FV1,ichijo-kozuka-front-fv1
4494,Ichijo-Kozuka-CU-5,ichijo-kozuka-cu-5
4493,Ichijo-Kozuka-CU-4,ichijo-kozuka-cu-4
4492,Ichijo-Kozuka-CU-3,ichijo-kozuka-cu-3
4491,Ichijo-Kozuka-CU-2,ichijo-kozuka-cu-2
4490,Ichijo-Kozuka-CU-1,ichijo-kozuka-cu-1
4489,Joshin-Kozuka-Side-1,joshin-kozuka-side-1
4488,Joshin-Kozuka-Rear-FV,joshin-kozuka-rear-fv
4487,Joshin-Kozuka-FV-CU-3,joshin-kozuka-fv-cu-3
4486,Joshin-Kozuka-FV-CU-2,joshin-kozuka-fv-cu-2
4485,Joshin-Kozuka-FV-CU-1,joshin-kozuka-fv-cu-1
4484,Joshin-Kozuka-Front-FV-2,joshin-kozuka-front-fv-2-2
4483,Joshin-Kozuka-Front-FV-2,joshin-kozuka-front-fv-2
4482,Joshin-Kozuka-End-2,joshin-kozuka-end-2
4481,Joshin-Kozuka-End-1,joshin-kozuka-end-1
4480,Joshin-Kozuka-CU-3,joshin-kozuka-cu-3
4479,Joshin-Kozuka-CU-2,joshin-kozuka-cu-2
4478,Joshin-Kozuka-CU-1,joshin-kozuka-cu-1
4443,Yoshimitsu-Shirasaya,yoshimitsu-shirasaya
4442,Yoshimitsu-Mei,yoshimitsu-mei
4441,Yoshimitsu-Habaki,yoshimitsu-habaki
4440,Yoshimitsu-Date,yoshimitsu-date
4439,Yoshimitsu-CUU-3,yoshimitsu-cuu-3
4438,Yoshimitsu-CUU-2,yoshimitsu-cuu-2
4437,Yoshimitsu-CUU-1,yoshimitsu-cuu-1
4436,Yoshimitsu-CUO-3,yoshimitsu-cuo-3
4435,Yoshimitsu-CUO-2,yoshimitsu-cuo-2
4434,Yoshimitsu-CUO-1,yoshimitsu-cuo-1
4426,Yoshimitsu-Hamachi-U,yoshimitsu-hamachi-u
4425,Yoshimitsu-Hamachi-O,yoshimitsu-hamachi-o
4424,Yoshimitsu-Habaki-2,yoshimitsu-habaki-2
4423,Yoshimitsu-FullView-Ura,yoshimitsu-fullview-ura
4422,Yoshimitsu-FullView-Omote,yoshimitsu-fullview-omote
4421,Yoshimitsu-FullView-Bilateral,yoshimitsu-fullview-bilateral
4420,Yoshimitsu-Boshi-U-B:W,yoshimitsu-boshi-u-bw
4419,Yoshimitsu-Boshi-O,yoshimitsu-boshi-o
4418,Yoshimitsu-Act-21,yoshimitsu-act-21
4417,Yoshimitsu-Act-20,yoshimitsu-act-20
4416,Yoshimitsu-Act-19,yoshimitsu-act-19
4415,Yoshimitsu-Act-18,yoshimitsu-act-18
4414,Yoshimitsu-Act-17,yoshimitsu-act-17
4413,Yoshimitsu-Act-16,yoshimitsu-act-16
4412,Yoshimitsu-Act-15,yoshimitsu-act-15
4411,Yoshimitsu-Act-14,yoshimitsu-act-14
4410,Yoshimitsu-Act-13,yoshimitsu-act-13
4409,Yoshimitsu-Act-12,yoshimitsu-act-12
4408,Yoshimitsu-Act-11,yoshimitsu-act-11
4407,Yoshimitsu-Act-10,yoshimitsu-act-10
4406,Yoshimitsu-Act-9,yoshimitsu-act-9
4405,Yoshimitsu-Act-8,yoshimitsu-act-8
4404,Yoshimitsu-Act-7,yoshimitsu-act-7
4403,Yoshimitsu-Act-6,yoshimitsu-act-6
4402,Yoshimitsu-Act-5,yoshimitsu-act-5
4401,Yoshimitsu-Act-4,yoshimitsu-act-4
4400,Yoshimitsu-Act-3,yoshimitsu-act-3
4399,Yoshimitsu-Act-2,yoshimitsu-act-2
4398,Yoshimitsu-Act-1,yoshimitsu-act-1
4381,Kunitoshi-Nakago-U,kunitoshi-nakago-u
4380,Kunitoshi-Nakago-O,kunitoshi-nakago-o
4379,Kunitoshi-Boshi-U,kunitoshi-boshi-u
4378,Kunitoshi-Boshi-O,kunitoshi-boshi-o
4377,Kunitoshi-Act-8,kunitoshi-act-8
4376,Kunitoshi-Act-7,kunitoshi-act-7
4375,Kunitoshi-Act-6,kunitoshi-act-6
4374,Kunitoshi-Act-5,kunitoshi-act-5
4373,Kunitoshi-Act-4,kunitoshi-act-4
4372,Kunitoshi-Act-3,kunitoshi-act-3
4371,Kunitoshi-Act-2,kunitoshi-act-2
4370,Kunitoshi-Act-1,kunitoshi-act-1
4365,Masamitsu_Tsuka_U,masamitsu_tsuka_u
4364,Masamitsu_Tsuka_O,masamitsu_tsuka_o
4363,Masamitsu_Tsuba_1,masamitsu_tsuba_1
4362,Masamitsu_Same_O,masamitsu_same_o
4361,Masamitsu_Nengo,masamitsu_nengo
4360,Masamitsu_Nakago_U,masamitsu_nakago_u
4359,Masamitsu_Nakago_O,masamitsu_nakago_o
4358,Masamitsu_Menuki_2,masamitsu_menuki_2
4357,Masamitsu_Menuki_1,masamitsu_menuki_1
4356,Masamitsu_Mei,masamitsu_mei
4355,Masamitsu_Koshirae_FVU,masamitsu_koshirae_fvu
4354,Masamitsu_Koshirae_FVO,masamitsu_koshirae_fvo
4353,Masamitsu_Kojiri,masamitsu_kojiri
4352,Masamitsu_Kashira_2,masamitsu_kashira_2
4351,Masamitsu_Kashira_1,masamitsu_kashira_1
4350,Masamitsu_Hamon_3,masamitsu_hamon_3
4349,Masamitsu_Hamon_1,masamitsu_hamon_1
4348,Masamitsu_Hada_5,masamitsu_hada_5
4347,Masamitsu_Hada_2,masamitsu_hada_2
4346,Masamitsu_Hada_1,masamitsu_hada_1
4345,Masamitsu_Habaki,masamitsu_habaki
4344,Masamitsu_FVU,masamitsu_fvu
4343,Masamitsu_FVO,masamitsu_fvo
4342,Masamitsu_Fuchi_U,masamitsu_fuchi_u
4341,Masamitsu_Fuchi_O,masamitsu_fuchi_o
4340,Masamitsu_Boshi_U,masamitsu_boshi_u
4339,Masamitsu_Boshi_O,masamitsu_boshi_o
4338,Kat_Masamitsu_CUU3,kat_masamitsu_cuu3
4337,Kat_Masamitsu_CUU2,kat_masamitsu_cuu2
4336,Kat_Masamitsu_CUU1,kat_masamitsu_cuu1
4335,Kat_Masamitsu_CUO3,kat_masamitsu_cuo3
4334,Kat_Masamitsu_CUO2,kat_masamitsu_cuo2
4333,Kat_Masamitsu_CUO1,kat_masamitsu_cuo1
4311,"Daido-Mei copy",daido-mei-copy
4303,Daido-Uragawara,daido-uragawara
4302,Daido-Tsuka-U,daido-tsuka-u
4301,Daido-Tsuka-O,daido-tsuka-o
4300,Daido-Tsuba-Reverse,daido-tsuba-reverse
4299,Daido-Tsuba-Obverse,daido-tsuba-obverse
4298,Daido-Tsuba-Mounted,daido-tsuba-mounted
4297,Daido-Sayagaki-U,daido-sayagaki-u
4296,Daido-Sayagaki-O,daido-sayagaki-o
4295,Daido-Saya-Damage,daido-saya-damage
4294,Daido-Menuki-2,daido-menuki-2
4293,Daido-Menuki-1,daido-menuki-1
4291,Daido-Kurigata-4,daido-kurigata-4
4290,Daido-Kurigata-3,daido-kurigata-3
4289,Daido-Kurigata-2,daido-kurigata-2
4288,Daido-Kurigata-1,daido-kurigata-1
4287,Daido-Kozuka-Reverse,daido-kozuka-reverse
4286,Daido-kozuka-Obverse,daido-kozuka-obverse
4285,Daido-Kozuka-1,daido-kozuka-1
4284,Daido-Koshirae-Papers,daido-koshirae-papers
4283,Daido-Kosh-FV-U,daido-kosh-fv-u
4282,Daido-Kosh-FV-O,daido-kosh-fv-o
4281,Daido-Kogatana-2,daido-kogatana-2
4280,Daido-Kogatana-1,daido-kogatana-1
4279,Daido-Kissaki-2,daido-kissaki-2
4278,Daido-Kissaki-1,daido-kissaki-1
4277,Daido-Kashira,daido-kashira
4276,Daido-kaerizuno,daido-kaerizuno
4275,Daido-Kaerizuno-side,daido-kaerizuno-side
4274,Daido-K:K,daido-kk
4273,Daido-Juyo-Papers,daido-juyo-papers
4272,"Daido-Honmas Book copy",daido-honmas-book-copy
4271,Daido-Habaki,daido-habaki
4270,Daido-FV-U,daido-fv-u
4269,Daido-FV-O,daido-fv-o
4268,Daido-Fuchi-U,daido-fuchi-u
4267,Daido-Fuchi-O,daido-fuchi-o
4266,Daido-CUU-3,daido-cuu-3
4265,Daido-CUU-2,daido-cuu-2
4264,Daido-CUU-1,daido-cuu-1
4263,Daido-CUO-3,daido-cuo-3
4262,Daido-CUO-2,daido-cuo-2
4261,Daido-CUO-1,daido-cuo-1
4260,Daido-Act-Kiss-CU-O,daido-act-kiss-cu-o
4259,Daido-Act-Hada-6,daido-act-hada-6
4258,Daido-Act-Hada-5,daido-act-hada-5
4257,Daido-Act-Hada-4,daido-act-hada-4
4256,Daido-Act-Hada-3,daido-act-hada-3
4255,Daido-Act-Hada-2,daido-act-hada-2
4254,Daido-Act-Hada-1,daido-act-hada-1
4253,Daido-Act-7,daido-act-7
4252,Daido-Act-6,daido-act-6
4251,Daido-Act-5,daido-act-5
4250,Daido-Act-4,daido-act-4
4249,Daido-Act-3,daido-act-3
4248,Daido-Act-2,daido-act-2
4247,Daido-Act-1,daido-act-1
4225,"Rai Kunitoshi",rai-kunitoshi
4224,"Rai Kunitoshi shirasaya",rai-kunitoshi-shirasaya
4223,Kunitoshi-Papers,kunitoshi-papers
4222,Kunitoshi-Koshirae-Tsuba,kunitoshi-koshirae-tsuba
4221,Kunitoshi-Koshirae-Ishizuki,kunitoshi-koshirae-ishizuki
4220,Kunitoshi-Koshirae-Hanger1,kunitoshi-koshirae-hanger1
4219,Kunitoshi-Koshirae-FVO,kunitoshi-koshirae-fvo
4218,Kunitoshi-FVU-1,kunitoshi-fvu-1
4217,Kunitoshi-FV-O:U,kunitoshi-fv-ou
4216,Kunitoshi-FV-O,kunitoshi-fv-o
4215,Kunitoshi-CUO-1,kunitoshi-cuo-1
4214,Kunitoshi-CU-U-1,kunitoshi-cu-u-1
4144,"fk_daruma_cu1 copy",fk_daruma_cu1-copy
4129,Daido,daido
4102,Terukado-Shirasaya,terukado-shirasaya
4101,Terukado-MEI,terukado-mei
4100,Terukado-FV-U,terukado-fv-u
4099,Terukado-FV-O,terukado-fv-o
4098,Terukado-CUU-3,terukado-cuu-3
4097,Terukado-CUU-2,terukado-cuu-2
4096,Terukado-CUU-1,terukado-cuu-1
4095,Terukado-CUO-3,terukado-cuo-3
4094,Terukado-CUO-2,terukado-cuo-2
4093,Terukado-CUO-1,terukado-cuo-1
4092,Terukado-Boshi-U,terukado-boshi-u
4091,Terukado-Boshi-O,terukado-boshi-o
4090,Ka,ka
4089,Ka-Ububa,ka-ububa
4088,Ka-Tsuka-U,ka-tsuka-u
4087,Ka-Tsuba-Mounted,ka-tsuba-mounted
4086,Ka-Menuki-2,ka-menuki-2
4085,Ka-Menuki-1,ka-menuki-1
4084,Ka-Kosh-FV-U,ka-kosh-fv-u
4083,Ka-Kashira-2,ka-kashira-2
4082,Ka-Habaki,ka-habaki
4081,Ka-FV-U,ka-fv-u
4080,Ka-FV-O,ka-fv-o
4079,Ka-Fuchi-O,ka-fuchi-o
4078,Ka-Mei,ka-mei
4077,Ka-Date,ka-date
4076,Ka-CUU-3,ka-cuu-3
4075,Ka-CUU-2,ka-cuu-2
4074,Ka-CUU-1,ka-cuu-1
4073,Ka-CUO-3,ka-cuo-3
4072,Ka-CUO-2,ka-cuo-2
4071,Ka-CUO-1,ka-cuo-1
4070,Ka-Boshi-U,ka-boshi-u
4069,Ka-Boshi-O,ka-boshi-o
4068,Ka-Act-7,ka-act-7
4067,Ka-Act-6,ka-act-6
4066,Ka-Act-5,ka-act-5
4065,Ka-Act-4,ka-act-4
4064,Ka-Act-2,ka-act-2
4063,Ka-Act-1,ka-act-1
4062,WakTA-Yokote-U,wakta-yokote-u
4061,WakTA-Yokote-O,wakta-yokote-o
4060,WakTA-Tsuba-Reverse,wakta-tsuba-reverse
4059,WakTA-Tsuba-Obverse,wakta-tsuba-obverse
4058,WakTA-Kozuka-Reverse,wakta-kozuka-reverse
4057,WakTA-Kozuka-Obverse,wakta-kozuka-obverse
4056,WakTA-Kozuka-Kogai,wakta-kozuka-kogai
4055,WakTA-Kosh-Tsuka-U,wakta-kosh-tsuka-u
4054,WakTA-Kosh-Tsuka-O,wakta-kosh-tsuka-o
4053,WakTA-Kosh-Tsuba-Mounted,wakta-kosh-tsuba-mounted
4052,WakTA-Kosh-Menuki-2,wakta-kosh-menuki-2
4051,WakTA-Kosh-Menuki-1,wakta-kosh-menuki-1
4050,WakTA-Kosh-Kozuka-Mounted,wakta-kosh-kozuka-mounted
4049,WakTA-Kosh-Kojiri-3,wakta-kosh-kojiri-3
4048,WakTA-Kosh-Kojiri-2,wakta-kosh-kojiri-2
4047,WakTA-Kosh-Kojiri-1,wakta-kosh-kojiri-1
4046,WakTA-Kosh-Kashira,wakta-kosh-kashira
4045,WakTA-Kosh-FV-U,wakta-kosh-fv-u
4044,WakTA-Kosh-FV-O,wakta-kosh-fv-o
4043,WakTA-Kosh-Fuchi:Koi-2,wakta-kosh-fuchikoi-2
4042,WakTA-Kosh-Fuch:Koi-1,wakta-kosh-fuchkoi-1
4041,WakTA-Habaki,wakta-habaki
4040,WakTA-FV-U,wakta-fv-u
4039,WakTA-FV-O,wakta-fv-o
4038,WakTA-CU-U-3,wakta-cu-u-3
4037,WakTA-CU-U-2,wakta-cu-u-2
4036,WakTA-CU-U-1,wakta-cu-u-1
4035,WakTA-CU-O-3,wakta-cu-o-3
4034,WakTA-CU-O-2,wakta-cu-o-2
4033,WakTA-CU-O-1,wakta-cu-o-1
4032,WakTA-Boshi-U,wakta-boshi-u
4031,WakTA-Boshi-O,wakta-boshi-o
4030,WakTA-Act-6,wakta-act-6
4029,WakTA-Act-5,wakta-act-5
4028,WakTA-Act-4,wakta-act-4
4027,WakTA-Act-3,wakta-act-3
4026,WakTA-Act-2,wakta-act-2
4025,WakTA-Act-1,wakta-act-1
3984,Wak-Mumei1-Shirasaya,wak-mumei1-shirasaya
3983,Wak-Mumei1-Nakago-U,wak-mumei1-nakago-u
3982,Wak-Mumei1-Nakago-O,wak-mumei1-nakago-o
3981,Wak-Mumei1-Habaki,wak-mumei1-habaki
3980,Wak-Mumei1-FV-U,wak-mumei1-fv-u
3979,Wak-Mumei1-FV-O,wak-mumei1-fv-o
3978,Wak-Mumei1-CUU-3,wak-mumei1-cuu-3
3977,Wak-Mumei1-CUU-2,wak-mumei1-cuu-2
3976,Wak-Mumei1-CUU-1,wak-mumei1-cuu-1
3975,Wak-Mumei1-CUO-3,wak-mumei1-cuo-3
3974,Wak-Mumei1-CUO-2,wak-mumei1-cuo-2
3973,Wak-Mumei1-CUO-1,wak-mumei1-cuo-1
3972,Wak-Mumei1-Boshi-U,wak-mumei1-boshi-u
3971,Wak-Mumei1-Boshi-O,wak-mumei1-boshi-o
3970,Wak-Mumei1-Act-9,wak-mumei1-act-9
3969,Wak-Mumei1-Act-8,wak-mumei1-act-8
3968,Wak-Mumei1-Act-7,wak-mumei1-act-7
3967,Wak-Mumei1-Act-6,wak-mumei1-act-6
3966,Wak-Mumei1-Act-5,wak-mumei1-act-5
3965,Wak-Mumei1-Act-4,wak-mumei1-act-4
3964,Wak-Mumei1-Act-3,wak-mumei1-act-3
3963,Masahiro2-Nakago-U,masahiro2-nakago-u
3962,Masahiro2-Nakago-O,masahiro2-nakago-o
3961,Masahiro2-Mei,masahiro2-mei
3960,Masahiro2-Kosh-Tsuka-U,masahiro2-kosh-tsuka-u
3959,Masahiro2-Kosh-Tsuka-O,masahiro2-kosh-tsuka-o
3958,Masahiro2-Kosh-Tsuba,masahiro2-kosh-tsuba
3957,Masahiro2-Kosh-Menuki-2,masahiro2-kosh-menuki-2
3956,Masahiro2-Kosh-Menuki-1,masahiro2-kosh-menuki-1
3955,Masahiro2-Kosh-Kozuka,masahiro2-kosh-kozuka
3954,Masahiro2-Kosh-Kojiri,masahiro2-kosh-kojiri
3953,Masahiro2-Kosh-Kashira,masahiro2-kosh-kashira
3952,Masahiro2-Kosh-Kaeshizuno,masahiro2-kosh-kaeshizuno
3951,Masahiro2-Kosh-FV-U,masahiro2-kosh-fv-u
3950,Masahiro2-Kosh-FV-O,masahiro2-kosh-fv-o
3949,Masahiro2-Kosh-Fuchi-Koiguchi,masahiro2-kosh-fuchi-koiguchi
3948,Masahiro2-Habaki,masahiro2-habaki
3947,Masahiro2-FV-U,masahiro2-fv-u
3946,Masahiro2-FV-O,masahiro2-fv-o
3945,Masahiro2-CUU-3,masahiro2-cuu-3
3944,Masahiro2-CUU-2,masahiro2-cuu-2
3943,Masahiro2-CUU-1,masahiro2-cuu-1
3942,Masahiro2-CUO-3,masahiro2-cuo-3
3941,Masahiro2-CUO-2,masahiro2-cuo-2
3940,Masahiro2-CUO-1,masahiro2-cuo-1
3939,Masahiro2-Boshi-U,masahiro2-boshi-u
3938,Masahiro2-Boshi-O,masahiro2-boshi-o
3937,Masahiro2-Act-9,masahiro2-act-9
3936,Masahiro2-Act-8,masahiro2-act-8
3935,Masahiro2-Act-7,masahiro2-act-7
3934,Masahiro2-Act-6,masahiro2-act-6
3933,Masahiro2-Act-5,masahiro2-act-5
3932,Masahiro2-Act-4,masahiro2-act-4
3931,Masahiro2-Act-1,masahiro2-act-1
3899,Nagamitsu-Shirasaya,nagamitsu-shirasaya
3898,Nagamitsu-Mei,nagamitsu-mei
3897,Nagamitsu-Habaki,nagamitsu-habaki
3896,Nagamitsu-FV-U,nagamitsu-fv-u
3895,Nagamitsu-FV-O,nagamitsu-fv-o
3894,Nagamitsu-CUU-3,nagamitsu-cuu-3
3893,Nagamitsu-CUU-2,nagamitsu-cuu-2
3892,Nagamitsu-CUU-1,nagamitsu-cuu-1
3891,Nagamitsu-CUO-3,nagamitsu-cuo-3
3890,Nagamitsu-CUO-2,nagamitsu-cuo-2
3889,Nagamitsu-CUO-1,nagamitsu-cuo-1
3888,Nagamitsu-Boshi-U,nagamitsu-boshi-u
3887,Nagamitsu-Boshi-O,nagamitsu-boshi-o
3886,Nagamitsu-Act-5,nagamitsu-act-5
3885,Nagamitsu-Act-4,nagamitsu-act-4
3884,Nagamitsu-Act-3,nagamitsu-act-3
3883,Nagamitsu-Act-2,nagamitsu-act-2
3882,Nagamitsu-Act-1,nagamitsu-act-1
3881,Kunimichi-Shirasaya,kunimichi-shirasaya
3880,Kunimichi-Nakago-U,kunimichi-nakago-u
3879,Kunimichi-Nakago-O,kunimichi-nakago-o
3878,Kunimichi-Mei,kunimichi-mei
3877,Kunimichi-Hamachi-1,kunimichi-hamachi-1
3876,Kunimichi-FV-U,kunimichi-fv-u
3875,Kunimichi-FV-O,kunimichi-fv-o
3874,Kunimichi-Boshi-U,kunimichi-boshi-u
3873,Kunimichi-Boshi-O,kunimichi-boshi-o
3872,Kunimichi-Boshi-CU,kunimichi-boshi-cu
3871,Kunimichi-Act-5,kunimichi-act-5
3870,Kunimichi-Act-4,kunimichi-act-4
3869,Kunimichi-Act-3,kunimichi-act-3
3868,Kunimichi-Act-2,kunimichi-act-2
3850,Tadayoshi-Nakago-U,tadayoshi-nakago-u
3849,Tadayoshi-Nakago-O,tadayoshi-nakago-o
3848,Tadayoshi-Kosh-FV1,tadayoshi-kosh-fv1
3847,Tadayoshi-Kosh-FV-2,tadayoshi-kosh-fv-2
3846,Tadayoshi-Fv-U,tadayoshi-fv-u
3845,Tadayoshi-FV-O,tadayoshi-fv-o
3844,Tadayoshi-CUU-6,tadayoshi-cuu-6
3843,Tadayoshi-CUU-5,tadayoshi-cuu-5
3842,Tadayoshi-CUU-4,tadayoshi-cuu-4
3841,Tadayoshi-CUU-3,tadayoshi-cuu-3
3840,Tadayoshi-CUU-2,tadayoshi-cuu-2
3839,Tadayoshi-CUU-1,tadayoshi-cuu-1
3838,Tadayoshi-CUO-6,tadayoshi-cuo-6
3837,Tadayoshi-CUO-5,tadayoshi-cuo-5
3836,Tadayoshi-CUO-4,tadayoshi-cuo-4
3835,Tadayoshi-CUO-3,tadayoshi-cuo-3
3834,Tadayoshi-CUO-2,tadayoshi-cuo-2
3833,Tadayoshi-CUO-1,tadayoshi-cuo-1
3831,Tadayoshi-Boshi-U,tadayoshi-boshi-u
3830,Tadayoshi-Boshi-O,tadayoshi-boshi-o
3829,Tadayoshi-ACT-4,tadayoshi-act-4
3828,Tadayoshi-ACT-3,tadayoshi-act-3
3827,Tadayoshi-ACT-2,tadayoshi-act-2
3826,Tadayoshi-ACT-1,tadayoshi-act-1
3811,AT-HZ-UTSURI,at-hz-utsuri
3810,AT-HZ-TSUKA-U,at-hz-tsuka-u
3809,AT-HZ-TSUKA-O,at-hz-tsuka-o
3808,AT-HZ-TSUBA-REVERSE,at-hz-tsuba-reverse
3807,AT-HZ-TSUBA-MOUNTED,at-hz-tsuba-mounted
3806,AT-HZ-Tsuba-CU,at-hz-tsuba-cu
3805,AT-HZ-Nakago-O,at-hz-nakago-o
3804,AT-HZ-Nakago_U,at-hz-nakago_u
3803,AT-HZ-MENUKI-2,at-hz-menuki-2
3802,AT-HZ-MENUKI-1,at-hz-menuki-1
3801,AT-HZ-KOSH-FV-U,at-hz-kosh-fv-u
3800,AT-HZ-KOSH-FV-O,at-hz-kosh-fv-o
3799,AT-HZ-KOJIRI,at-hz-kojiri
3798,AT-HZ-KASHIRA,at-hz-kashira
3797,AT-HZ-HAMON-5,at-hz-hamon-5
3796,AT-HZ-HAMON-4,at-hz-hamon-4
3795,AT-HZ-HAMON-2,at-hz-hamon-2
3794,AT-HZ-HAMON-1,at-hz-hamon-1
3793,AT-HZ-HADA-3,at-hz-hada-3
3792,AT-HZ-HADA-2,at-hz-hada-2
3791,AT-HZ-HADA-1,at-hz-hada-1
3790,AT-HZ-HABAKI,at-hz-habaki
3789,AT-HZ-FV-U,at-hz-fv-u
3788,AT-HZ-FV-O,at-hz-fv-o
3787,AT-HZ-FUCHI-2,at-hz-fuchi-2
3786,AT-HZ-FUCHI-1,at-hz-fuchi-1
3785,AT-HZ-CUU-3,at-hz-cuu-3
3784,AT-HZ-CUU-2,at-hz-cuu-2
3783,AT-HZ-CUU-1,at-hz-cuu-1
3782,AT-HZ-CUO-3,at-hz-cuo-3
3781,AT-HZ-CUO-2,at-hz-cuo-2
3780,AT-HZ-CUO-1,at-hz-cuo-1
3779,AT-HZ-BOSHI-U,at-hz-boshi-u
3778,AT-HZ-BOSHI-O,at-hz-boshi-o
3764,Kunihiro-Saya-Mouth,kunihiro-saya-mouth
3763,Kunihiro-Saya-FV,kunihiro-saya-fv
3762,Kunihiro-Pole-End,kunihiro-pole-end
3761,Kunihiro-Papers,kunihiro-papers
3760,Kunihiro-Nakago-Width,kunihiro-nakago-width
3759,Kunihiro-Nakago-Thickness,kunihiro-nakago-thickness
3758,Kunihiro-Nakago-1,kunihiro-nakago-1
3757,"Kunihiro-Mei copy",kunihiro-mei-copy
3756,Kunihiro-Kosh-FV,kunihiro-kosh-fv
3755,Kunihiro-Habaki,kunihiro-habaki
3754,Kunihiro-Habaki-2,kunihiro-habaki-2
3753,Kunihiro-FV1,kunihiro-fv1
3752,Kunihiro-Boshi-2,kunihiro-boshi-2
3751,Kunihiro-Boshi-1,kunihiro-boshi-1
3750,Kunihiro-Blade-2A,kunihiro-blade-2a
3749,Kunihiro-Blade-1,kunihiro-blade-1-2
3748,Kunihiro-Blade-1,kunihiro-blade-1
3747,Kunihiro-Act-4,kunihiro-act-4
3746,Kunihiro-Act-3,kunihiro-act-3
3745,Kunihiro-Act-2,kunihiro-act-2
3744,Kunihiro-Act-1,kunihiro-act-1
3718,Yasutsuna-Papers,yasutsuna-papers
3686,Ishido-Shira,ishido-shira
3685,Ishido-Nakago-2,ishido-nakago-2
3684,Ishido-nakago-1,ishido-nakago-1
3683,Ishido-Naginata-Papers,ishido-naginata-papers
3682,Ishido-Hamachi-1,ishido-hamachi-1
3681,Ishido-Habaki,ishido-habaki
3680,Ishido-FV-2,ishido-fv-2
3679,Ishido-FV-1,ishido-fv-1
3678,Ishido-CUB-3,ishido-cub-3
3677,Ishido-CUB-2,ishido-cub-2
3676,Ishido-CUB-1,ishido-cub-1
3675,Ishido-CUA-3,ishido-cua-3
3674,Ishido-CUA-2,ishido-cua-2
3673,Ishido-CUA-1,ishido-cua-1
3672,Ishido-Boshi-1,ishido-boshi-1
3671,Ishido-ACT-4,ishido-act-4
3670,Ishido-ACT-3,ishido-act-3
3669,Ishido-ACT-2,ishido-act-2
3668,Ishido-ACT-1,ishido-act-1
3667,Yasunobu-Yakidashi-2,yasunobu-yakidashi-2
3666,Yasunobu-Yakidashi-1,yasunobu-yakidashi-1
3665,Yasunobu-shirasaya,yasunobu-shirasaya
3664,Yasunobu-Nakago-U,yasunobu-nakago-u
3663,Yasunobu-Mei,yasunobu-mei
3662,Yasunobu-Kosh-Tsuka-2,yasunobu-kosh-tsuka-2
3661,Yasunobu-Kosh-Tsuka-1,yasunobu-kosh-tsuka-1
3660,Yasunobu-Kosh-Tsuba,yasunobu-kosh-tsuba
3659,Yasunobu-Kosh-koiguchi,yasunobu-kosh-koiguchi
3658,Yasunobu-Kosh-FV-2,yasunobu-kosh-fv-2
3657,Yasunobu-Kosh-FV-1,yasunobu-kosh-fv-1
3656,Yasunobu-Kosh-Ashi,yasunobu-kosh-ashi
3655,Yasunobu-Kissaki-2,yasunobu-kissaki-2
3654,"Yasunobu-Kissaki 1",yasunobu-kissaki-1
3653,Yasunobu-FVU,yasunobu-fvu
3652,Yasunobu-FVO,yasunobu-fvo
3651,Yasunobu-Date,yasunobu-date
3650,Yasunobu-CUU-3,yasunobu-cuu-3
3649,Yasunobu-CUU-2,yasunobu-cuu-2
3648,Yasunobu-CUU-1,yasunobu-cuu-1
3647,Yasunobu-CUO-3,yasunobu-cuo-3
3646,Yasunobu-CUO-2,yasunobu-cuo-2
3645,Yasunobu-CUO-1,yasunobu-cuo-1
3644,Yasunobu-ACT-2,yasunobu-act-2
3643,Yasunobu-ACT-1,yasunobu-act-1
3630,Kanenori-Shira,kanenori-shira
3629,Kanenori-Papers-B,kanenori-papers-b
3628,Kanenori-Papers-A,kanenori-papers-a
3627,Kanenori-Nakago-U,kanenori-nakago-u
3626,Kanenori-Nakago-O,kanenori-nakago-o
3625,Kanenori-Habaki,kanenori-habaki
3624,Kanenori-FV-U,kanenori-fv-u
3623,Kanenori-FV-O,kanenori-fv-o
3622,Kanenori-CUU-3,kanenori-cuu-3
3621,Kanenori-CUU-2,kanenori-cuu-2
3620,Kanenori-CUU-1,kanenori-cuu-1
3619,Kanenori-CUO-3,kanenori-cuo-3
3618,Kanenori-CUO-2,kanenori-cuo-2
3617,Kanenori-CUO-1,kanenori-cuo-1
3616,Kanenori-Boshi-U,kanenori-boshi-u
3615,Kanenori-Boshi-O,kanenori-boshi-o
3614,Kanenori-ACT-8,kanenori-act-8
3613,Kanenori-ACT-7,kanenori-act-7
3612,Kanenori-ACT-6,kanenori-act-6
3611,Kanenori-ACT-5,kanenori-act-5
3610,Kanenori-ACT-4,kanenori-act-4
3609,Kanenori-ACT-3,kanenori-act-3
3608,Kanenori-AcT-2,kanenori-act-2
3607,Kanenori-ACT-1,kanenori-act-1
3590,Menuki_Suaka_Dragons_CU1,menuki_suaka_dragons_cu1
3583,Shishi_CU1B,shishi_cu1b
3572,Tadayoshi-Tsuka-2,tadayoshi-tsuka-2
3571,Tadayoshi-Tsuka-1,tadayoshi-tsuka-1
3570,Tadayoshi-Tsuba-Reverse,tadayoshi-tsuba-reverse
3569,Tadayoshi-Tsuba-Obverse,tadayoshi-tsuba-obverse
3568,Tadayoshi-Tsuba-3,tadayoshi-tsuba-3
3567,Tadayoshi-Shirasaya,tadayoshi-shirasaya
3566,Tadayoshi-Papers,tadayoshi-papers
3563,Tadayoshi-MEI-copy,tadayoshi-mei-copy
3562,Tadayoshi-Menuki-2,tadayoshi-menuki-2
3561,Tadayoshi-Menuki-1,tadayoshi-menuki-1
3560,Tadayoshi-Kashira-1,tadayoshi-kashira-1
3558,Tadayoshi-Habaki,tadayoshi-habaki
3555,Tadayoshi-Fuchi-2,tadayoshi-fuchi-2
3554,Tadayoshi-Fuchi-1,tadayoshi-fuchi-1
3333,placeholder.png,placeholder-png
3215,Obverse,obverse
3195,Menuki_Orchids_Mei3,menuki_orchids_mei3
3194,Menuki_Orchids_Mei2,menuki_orchids_mei2
3193,Menuki_Orchids_Mei1,menuki_orchids_mei1
3192,Menuki_Orchids_FV,menuki_orchids_fv
3191,Menuki_Orchids_Brear,menuki_orchids_brear
3190,Menuki_Orchids_BFrt,menuki_orchids_bfrt
3189,Menuki_Orchids_Arear,menuki_orchids_arear
3188,Menuki_Orchids_AFrt,menuki_orchids_afrt
3166,Negoro_Example,negoro_example
3165,Menuki_2,menuki_2
3164,Menuki_1,menuki_1
3163,Kabutogane_3,kabutogane_3
3162,Kabutogane_2,kabutogane_2
3161,Kabutogane_1,kabutogane_1
3160,FV_U,fv_u
3159,FV_O,fv_o
3158,Fuchi_2,fuchi_2
3157,Fuchi_1,fuchi_1
3156,Reverse,reverse-9
3155,Obverse,obverse-10
3154,CU_4,cu_4
3153,CU_3,cu_3
3152,CU_2,cu_2-2
3151,CU_1,cu_1-2
3150,Reverse,reverse-8
3149,Obverse,obverse-9
3148,CU_2,cu_2
3147,CU_1,cu_1
3146,Choshu_Crab-Orchid_Reverse,choshu_crab-orchid_reverse
3145,Choshu_Crab-Orchid_Frt,choshu_crab-orchid_frt
3144,Reverse,reverse-7
3143,Obverse,obverse-8
3142,Mei,mei
3141,Reverse,reverse-6
3140,FV,fv
3139,CU_Moon,cu_moon
3138,CU_Bat,cu_bat
3137,Kanamono_Rabbits_Reverse,kanamono_rabbits_reverse
3136,Kanamono_Rabbits_Mei,kanamono_rabbits_mei
3135,Kanamono_Rabbits_FV,kanamono_rabbits_fv
3134,Kanamono_Rabbits_CU2,kanamono_rabbits_cu2
3133,Kanamono_Rabbits_CU1,kanamono_rabbits_cu1
3132,Jita_Monkeys_FV,jita_monkeys_fv
3131,Jita_Monkeys_CU1,jita_monkeys_cu1
3130,Jita_Monkeys_CU_2,jita_monkeys_cu_2
3129,Jita_Mons_FV,jita_mons_fv
3123,Menuki_Bulls_Papers,menuki_bulls_papers
3122,Menuki_Bulls_FV_Rear,menuki_bulls_fv_rear
3121,Menuki_Bulls_CU2,menuki_bulls_cu2
3120,Menuki_Bulls_CU!,menuki_bulls_cu
3119,DSCF3552,dscf3552
3118,DSCF3551,dscf3551
3117,DSCF3550,dscf3550
3103,DSCF3706,dscf3706
3102,DSCF3705,dscf3705
3067,Toshihide_Ububa,toshihide_ububa
3066,Toshihide_Tojo-Hitler_Inscription,toshihide_tojo-hitler_inscription
3065,Toshihide_Shirasaya,toshihide_shirasaya
3064,Toshihide_Nakago_U,toshihide_nakago_u
3063,Toshihide_Nakago_O,toshihide_nakago_o
3062,Toshihide_Mei-Date,toshihide_mei-date
3061,Toshihide_Habaki,toshihide_habaki
3060,Toshihide_FVU,toshihide_fvu
3059,Toshihide_FVO,toshihide_fvo
3058,Toshihide_CUU2,toshihide_cuu2
3057,Toshihide_CUU1,toshihide_cuu1
3056,Toshihide_CUO_3,toshihide_cuo_3
3055,Toshihide_CUO_2,toshihide_cuo_2
3054,Toshihide_CUO_1,toshihide_cuo_1
3053,Toshihide_CCU3,toshihide_ccu3
3052,Toshihide_Boshi_U,toshihide_boshi_u
3051,Toshihide_Boshi_O,toshihide_boshi_o
3050,Toshihide_ACT_1,toshihide_act_1
3049,Toshihide_ACT_16,toshihide_act_16
3048,Toshihide_ACT_14,toshihide_act_14
3047,Toshihide_ACT_13,toshihide_act_13
3046,Toshihide_ACT_8,toshihide_act_8
3045,Toshihide_ACT_7,toshihide_act_7
3044,Toshihide_ACT_5,toshihide_act_5
3043,Toshihide_ACT_4,toshihide_act_4
3042,Toshihide_ACT_3,toshihide_act_3
3041,Toshihide,toshihide
3039,Sadakazu_Papers,sadakazu_papers
3036,Sadakazu_MEI,sadakazu_mei
3034,Sadakazu_Hamachi,sadakazu_hamachi
3032,Sadakazu_Hamachi_U,sadakazu_hamachi_u
3031,Sadakazu_Hada_4,sadakazu_hada_4
3028,Sadakazu_Habaki,sadakazu_habaki
3027,Sadakazu_FVU,sadakazu_fvu
3026,Sadakazu_FVO,sadakazu_fvo
3025,Sadakazu_DATE,sadakazu_date
3018,Sadakazu_Boshi_U,sadakazu_boshi_u
3017,Sadakazu_Boshi_O,sadakazu_boshi_o
3016,Sadakazu_Act_2,sadakazu_act_2
3015,Sadakazu_Act_1,sadakazu_act_1
3014,SADAKAZU,sadakazu
3013,Sdakatsu_FVU,sdakatsu_fvu
3012,Sadakatsu_UBUBA,sadakatsu_ububa
3011,Sadakatsu_Shirasaya,sadakatsu_shirasaya
3010,Sadakatsu_Nakago_U,sadakatsu_nakago_u
3009,Sadakatsu_Nakago_O,sadakatsu_nakago_o
3008,Sadakatsu_MEI-KAO,sadakatsu_mei-kao
3007,Sadakatsu_KAO,sadakatsu_kao
3006,Sadakatsu_Habaki,sadakatsu_habaki
3005,Sadakatsu_FVO,sadakatsu_fvo
3004,Sadakatsu_Date,sadakatsu_date
3003,Sadakatsu_CUU3,sadakatsu_cuu3
3002,Sadakatsu_CUU2,sadakatsu_cuu2
3001,Sadakatsu_CUU1,sadakatsu_cuu1
3000,Sadakatsu_CUO3,sadakatsu_cuo3
2999,Sadakatsu_CUO2,sadakatsu_cuo2
2998,Sadakatsu_CUO1,sadakatsu_cuo1
2997,Sadakatsu_Boshi_U,sadakatsu_boshi_u
2996,Sadakatsu_Boshi_O,sadakatsu_boshi_o
2995,Sadakatsu_ACT_HADA_1,sadakatsu_act_hada_1
2994,Sadakatsu_ACT_8,sadakatsu_act_8
2993,Sadakatsu_ACT_6,sadakatsu_act_6
2992,Sadakatsu_ACT_4,sadakatsu_act_4
2991,Sadakatsu_ACT_2,sadakatsu_act_2
2990,Sadakatsu_ACT_1,sadakatsu_act_1
2984,Tanto_Nobushige_KissU,tanto_nobushige_kissu
2983,Tanto_Nobushige_KissO,tanto_nobushige_kisso
2981,Tanto_Nobushige_BoshiU,tanto_nobushige_boshiu-2
2980,Tanto_Nobushige_ACT_3,tanto_nobushige_act_3
2979,Tanto_Nobushige_ACT_2,tanto_nobushige_act_2
2978,Tanto_Nobushige_ACT_1,tanto_nobushige_act_1
2974,Yasutsuna_MEI,yasutsuna_mei
2973,Yasutsuna_Nakago-U,yasutsuna_nakago-u
2972,Yasutsuna_Nakago-O,yasutsuna_nakago-o
2967,Menuki_Dragons-Clouds_FV_Rear,menuki_dragons-clouds_fv_rear
2966,Menuki_Dragon-Clouds_Single_2,menuki_dragon-clouds_single_2
2965,Menuki_Dragon-Clouds_Single_1,menuki_dragon-clouds_single_1
2964,Menuki_Dragon-Clouds_FVF,menuki_dragon-clouds_fvf
2963,Menuki_Dragon-Clouds_Box,menuki_dragon-clouds_box
2962,Tsuba_Drago-Clouds_CU6,tsuba_drago-clouds_cu6
2961,Tsuba_Drago-Clouds_CU4,tsuba_drago-clouds_cu4
2960,Tsuba_Drago-Clouds_CU3,tsuba_drago-clouds_cu3
2959,Tsuba_Drago-Clouds_CU2,tsuba_drago-clouds_cu2
2958,Dragon-Clouds_rear,dragon-clouds_rear
2957,Dragon-Clouds_Frt,dragon-clouds_frt
2956,2.Tsuba_Drago-Clouds_CU1,2-tsuba_drago-clouds_cu1
2955,1.Tsuba_Drago-Clouds_CU7_copy,1-tsuba_drago-clouds_cu7_copy
2954,DSCF0617,dscf0617
2953,DSCF0616,dscf0616
2952,DSCF0615,dscf0615
2951,DSCF0614,dscf0614
2950,Myochin_Tosho,myochin_tosho
2949,Myochin_Tosho_Rear4,myochin_tosho_rear4
2948,Myochin_Tosho_Rear2,myochin_tosho_rear2
2947,Myochin_Tosho_Frt3,myochin_tosho_frt3
2946,Myochin_Tosho_Frt2,myochin_tosho_frt2
2945,Myochin_Tosho_Frt1,myochin_tosho_frt1
2944,Mino_Floral_Rear,mino_floral_rear
2943,Mino_Floral_Frt,mino_floral_frt
2942,Shells_Tokuho,shells_tokuho
2941,Shells_Hozon,shells_hozon
2940,Ko-Kinko_Mon9,ko-kinko_mon9
2939,Ko-Kinko_Mon7,ko-kinko_mon7
2938,Ko-Kinko_Mon3,ko-kinko_mon3
2937,Ko-Kinko_Mon2,ko-kinko_mon2
2936,Ko-Kinko_Mimi5,ko-kinko_mimi5
2935,Ko-Kinko_Mimi4,ko-kinko_mimi4
2934,Ko-Kinko_Mimi3,ko-kinko_mimi3
2933,Ko-Kinko_FV_Reverse,ko-kinko_fv_reverse
2932,Ko-Kinko_FV_Obverse,ko-kinko_fv_obverse
2931,Ko-Kinko_Box2Lid,ko-kinko_box2lid
2930,Ko-Kinko_Box1_CU1,ko-kinko_box1_cu1
2929,IMG_6352,img_6352
2928,IMG_6351,img_6351
2927,DSCF3530,dscf3530
2926,DSCF3529,dscf3529
2914,Yasunori_Nakago_DATE,yasunori_nakago_date
2898,Yasunori_Hamachi_3,yasunori_hamachi_3-2
2897,Yasunori_Hamachi_2,yasunori_hamachi_2-2
2895,Yasunori_UBUBA,yasunori_ububa
2894,Yasunori_Tag_FV,yasunori_tag_fv
2893,Yasunori_Tag_CU,yasunori_tag_cu
2892,Yasunori_Shira_FV,yasunori_shira_fv
2891,Yasunori_Shira_CU2,yasunori_shira_cu2
2890,Yasunori_Shira_CU1,yasunori_shira_cu1
2889,Yasunori_Nakago_U,yasunori_nakago_u
2888,Yasunori_Nakago_O,yasunori_nakago_o
2887,Yasunori_Nakago_MATSUDA,yasunori_nakago_matsuda
2885,Yasunori_MEI,yasunori_mei-2
2884,Yasunori_Matsuda_Article,yasunori_matsuda_article
2883,Yasunori_Kosh_Tsuka_U,yasunori_kosh_tsuka_u
2882,Yasunori_Kosh_Tsuka_O,yasunori_kosh_tsuka_o
2881,Yasunori_Kosh_Saya_Mei_copy,yasunori_kosh_saya_mei_copy
2880,Yasunori_Kosh_Kojiri_Ura,yasunori_kosh_kojiri_ura
2879,Yasunori_Kosh_Kojiri_Omote,yasunori_kosh_kojiri_omote
2878,Yasunori_Kosh_FVU,yasunori_kosh_fvu
2877,Yasunori_Kosh_FVO,yasunori_kosh_fvo
2876,Yasunori_Kosh_Ashi,yasunori_kosh_ashi
2875,Yasunori_Hamachi_3,yasunori_hamachi_3
2873,Yasunori_Hamachi_1,yasunori_hamachi_1
2872,Yasunori_Habaki,yasunori_habaki-2
2871,Yasunori_FVU,yasunori_fvu-2
2870,Yasunori_CUU_3,yasunori_cuu_3
2869,Yasunori_CUU_2,yasunori_cuu_2
2868,Yasunori_CUU_1,yasunori_cuu_1
2867,Yasunori_CUO_3,yasunori_cuo_3
2866,Yasunori_CUO_2,yasunori_cuo_2
2865,Yasunori_CUO_1,yasunori_cuo_1
2864,Yasunori_BoshiU,yasunori_boshiu-2
2863,Yasunori_BoshiO,yasunori_boshio-2
2862,Yasunori_Bag_Nihogo_FV,yasunori_bag_nihogo_fv
2861,Yasunori_Bag_FV,yasunori_bag_fv
2860,Yasunori_Bag_CU3,yasunori_bag_cu3
2859,Yasunori_Bag_CU2,yasunori_bag_cu2
2858,Yasunori_Bag_CU1,yasunori_bag_cu1
2857,Yasunori_ACT_11,yasunori_act_11
2856,Yasunori_ACT_8,yasunori_act_8
2855,Yasunori_ACT_7,yasunori_act_7
2854,Yasunori_ACT_6,yasunori_act_6
2853,Yasunori_ACT_5,yasunori_act_5
2852,Yasunori_ACT_4,yasunori_act_4
2851,Yasunori_ACT_3,yasunori_act_3
2850,Yasunori_ACT_2,yasunori_act_2
2849,Yasunori_ACT_1,yasunori_act_1
2716,"SADAICHI_SIG copy",sadaichi_sig-copy
2703,Sadamitsu_FVU,sadamitsu_fvu
2702,Sadamitsu_FVO,sadamitsu_fvo
2701,Sadamitsu_Date,sadamitsu_date
2681,"Screen Shot 2021-09-28 at 10.36.14 AM",screen-shot-2021-09-28-at-10-36-14-am
2667,Kat_Sadashige_Nakago_merge,kat_sadashige_nakago_merge
2666,Kat_Sadashige_YokoteNie1,kat_sadashige_yokotenie1
2665,Sadashige,sadashige
2664,Kat_Sadashige_Ububa,kat_sadashige_ububa
2663,Kat_Sadashige_SloughsPage,kat_sadashige_sloughspage
2662,Kat_Sadashige_Shirasaya,kat_sadashige_shirasaya
2661,Kat_Sadashige_Mei_Merge,kat_sadashige_mei_merge
2660,Kat_Sadashige_Habaki2,kat_sadashige_habaki2
2659,Kat_Sadashige_GendaiTaikanPg,kat_sadashige_gendaitaikanpg
2658,Kat_Sadashige_FVU,kat_sadashige_fvu
2657,Kat_Sadashige_FVO,kat_sadashige_fvo
2656,Kat_Sadashige_CUU_merge,kat_sadashige_cuu_merge
2655,Kat_Sadashige_CUO_merge,kat_sadashige_cuo_merge
2654,Kat_Sadashige_Boshi_merge,kat_sadashige_boshi_merge
2653,Kat_Sadashige_ActivityD2,kat_sadashige_activityd2
2652,Kat_Sadashige_ActivityD1,kat_sadashige_activityd1
2651,Kat_Sadashige_ActivityC2,kat_sadashige_activityc2
2650,Kat_Sadashige_ActivityC1,kat_sadashige_activityc1
2649,Kat_Sadashige_ActivityB2,kat_sadashige_activityb2
2648,Kat_Sadashige_ActivityB1,kat_sadashige_activityb1
2647,Kat_Sadashige_ActivityA2,kat_sadashige_activitya2
2646,Kat_Sadashige_ActivityA1,kat_sadashige_activitya1
2645,Kat_Sadashige_Activity2,kat_sadashige_activity2
2644,Kat_Sadashige_Activity_1,kat_sadashige_activity_1
2622,Masachika_Tsuka_2,masachika_tsuka_2
2621,Masachika_Tsuka_1,masachika_tsuka_1
2620,Masachika_Tsuba_2,masachika_tsuba_2
2619,Masachika_Tsuba_1,masachika_tsuba_1
2618,Masachika_Seppa,masachika_seppa
2617,Masachika_Papers_2,masachika_papers_2
2616,Masachika_Papers_1,masachika_papers_1
2615,Masachika_Nakago_U,masachika_nakago_u
2614,Masachika_Nakago_O,masachika_nakago_o
2613,Masachika_Kosh_FV2,masachika_kosh_fv2
2612,Masachika_Kosh_FV1,masachika_kosh_fv1
2611,Masachika_Kashira_2,masachika_kashira_2
2610,Masachika_Kashira_1,masachika_kashira_1
2609,Masachika_Habaki,masachika_habaki
2608,Masachika_FVU,masachika_fvu
2607,Masachika_FVO,masachika_fvo
2606,Masachika_Drag_2,masachika_drag_2
2605,Masachika_Drag_1,masachika_drag_1
2604,Masachika_Boshi_U,masachika_boshi_u
2603,Masachika_Boshi_O,masachika_boshi_o
2602,Masachika_Activity_9,masachika_activity_9
2601,Masachika_Activity_8,masachika_activity_8
2600,Masachika_Activity_7,masachika_activity_7
2599,Masachika_Activity_6,masachika_activity_6
2598,Masachika_Activity_5,masachika_activity_5
2597,Masachika_Activity_4,masachika_activity_4
2596,Masachika_Activity_3,masachika_activity_3
2595,Masachika_Activity_2,masachika_activity_2
2594,Masachika_Activity_1,masachika_activity_1
2576,"Slough's pg 118",sloughs-pg-118
2575,"Slough's pg 117",sloughs-pg-117
2574,Moritaka,moritaka
2572,"kanji_yakiba_grasscript2 copy",kanji_yakiba_grasscript2-copy
2541,Choshu_Mitsutaka_Mei-Rear,choshu_mitsutaka_mei-rear
2540,Choshu_Mitsutaka_Mei-Frt,choshu_mitsutaka_mei-frt
2539,Choshu_Mitsutaka_FV-rear,choshu_mitsutaka_fv-rear
2538,Choshu_Mitsutaka_FV-Frt,choshu_mitsutaka_fv-frt
2537,Choshu_Mitsutaka_CU4,choshu_mitsutaka_cu4
2536,Choshu_Mitsutaka_CU3,choshu_mitsutaka_cu3
2535,Choshu_Mitsutaka_CU2,choshu_mitsutaka_cu2
2534,Choshu_Mitsutaka_CU1,choshu_mitsutaka_cu1
2533,Choshu_Mitsutaka_Angle1,choshu_mitsutaka_angle1
2532,Akasaka_Tadashige_Papers,akasaka_tadashige_papers
2531,Akasaka_Tadashige_Nakago-Ana_Rear,akasaka_tadashige_nakago-ana_rear
2530,Akasaka_Tadashige_Mei,akasaka_tadashige_mei
2529,Akasaka_Tadashige_FVRear,akasaka_tadashige_fvrear
2528,Akasaka_Tadashige_FVFrt,akasaka_tadashige_fvfrt
2527,Akasaka_Tadashige_CU2,akasaka_tadashige_cu2
2526,Akasaka_Tadashige_CU1,akasaka_tadashige_cu1
2525,Kanayama_Geese-Clouds_Side-View,kanayama_geese-clouds_side-view
2524,Kanayama_Geese-Clouds_Rear_A1,kanayama_geese-clouds_rear_a1
2523,Kanayama_Geese-Clouds_Frt,kanayama_geese-clouds_frt
2522,Kanayama_Geese-Clouds_Frt_A1,kanayama_geese-clouds_frt_a1
2521,Kanayama_Geese-Clouds_CU3,kanayama_geese-clouds_cu3
2520,Kanayama_Geese-Clouds_CU2,kanayama_geese-clouds_cu2
2519,Kanayama_Geese-Clouds_CU1,kanayama_geese-clouds_cu1
2518,Kanayama_Geese-Clouds_Tekkotsu1,kanayama_geese-clouds_tekkotsu1
2517,Kanayama_Geese-Clouds_Rear,kanayama_geese-clouds_rear
2516,Kanayama_Geese-Clouds_Papers,kanayama_geese-clouds_papers
2515,Kanayama_Geese-Clouds_Nakago-ana2,kanayama_geese-clouds_nakago-ana2
2514,Kanayama_Geese-Clouds_Nakago-Ana1,kanayama_geese-clouds_nakago-ana1
2513,Kanayama_Geese-Clouds_Nakago-ana_rearCU,kanayama_geese-clouds_nakago-ana_rearcu
2512,Kanayama_Geese-Clouds_Nakago-ana_Rear_CU2,kanayama_geese-clouds_nakago-ana_rear_cu2
2476,Wak_Hiromitsu_Koshirae_FVU,wak_hiromitsu_koshirae_fvu
2475,Wak_Hiromitsu_Koshirae_FVO,wak_hiromitsu_koshirae_fvo
2472,Wak_Hiromitsu_Kashira_2,wak_hiromitsu_kashira_2
2471,Wak_Hiromitsu_Kashira_1,wak_hiromitsu_kashira_1
2470,Wak_Hiromitsu_Fuchi_U,wak_hiromitsu_fuchi_u
2469,Wak_Hiromitsu_Fuchi_O,wak_hiromitsu_fuchi_o
2468,Wak_Hiromitsu_Fuchi_Mei,wak_hiromitsu_fuchi_mei
2467,Wak_Hiromitsu_Tsuka_U,wak_hiromitsu_tsuka_u
2466,Wak_Hiromitsu_Tsuka_O,wak_hiromitsu_tsuka_o
2465,Wak_Hiromitsu_Tsuba_Reverse,wak_hiromitsu_tsuba_reverse
2464,Wak_Hiromitsu_Tsuba_Obverse,wak_hiromitsu_tsuba_obverse
2463,Wak_Hiromitsu_Tsuba_Mouted1,wak_hiromitsu_tsuba_mouted1
2462,Wak_Hiromitsu_Seppa,wak_hiromitsu_seppa
2461,Wak_Hiromitsu_Boshi_U,wak_hiromitsu_boshi_u
2460,Wak_Hiromitsu_Boshi_O,wak_hiromitsu_boshi_o
2459,Wak_Hiromitsu_Act_12a,wak_hiromitsu_act_12a
2458,Wak_Hiromitsu_Act_11a,wak_hiromitsu_act_11a
2457,Wak_Hiromitsu_Act_10a,wak_hiromitsu_act_10a
2456,Wak_Hiromitsu_Act_9a,wak_hiromitsu_act_9a
2455,Wak_Hiromitsu_Act_7a,wak_hiromitsu_act_7a
2454,Wak_Hiromitsu_Nakago_U,wak_hiromitsu_nakago_u
2453,Wak_Hiromitsu_Nakago_O,wak_hiromitsu_nakago_o
2452,Wak_Hiromitsu_Mei,wak_hiromitsu_mei
2451,Wak_Hiromitsu_Habaki,wak_hiromitsu_habaki
2450,Wak_Hiromitsu_FVU,wak_hiromitsu_fvu
2449,Wak_Hiromitsu_FVO,wak_hiromitsu_fvo
2448,Soten_Mimi,soten_mimi
2447,"Soten Reverse",soten-reverse
2446,"Soten Papers",soten-papers
2445,"Soten Obverse",soten-obverse
2441,Kiyomitsu-Tanto_MEI,kiyomitsu-tanto_mei-2
2436,Kiyomitsu_Mei,kiyomitsu_mei-2
2403,Yukihide+Papers1,yukihidepapers1
2402,Yukihide_Papers2,yukihide_papers2
2401,Wak_Yukihide_Shirasaya,wak_yukihide_shirasaya
2400,Wak_Yukihide_NakagoU,wak_yukihide_nakagou
2399,Wak_Yukihide_NakagoO,wak_yukihide_nakagoo
2398,"Wak_Yukihide_Mei copy",wak_yukihide_mei-copy
2397,Wak_Yukihide_Kissaki2,wak_yukihide_kissaki2
2396,Wak_Yukihide_Kissaki1,wak_yukihide_kissaki1
2395,Wak_Yukihide_Habaki,wak_yukihide_habaki
2394,Wak_Yukihide_FVU,wak_yukihide_fvu
2393,Wak_Yukihide_FVO,wak_yukihide_fvo
2392,"Wak_Yukihide_Date copy",wak_yukihide_date-copy
2391,Wak_Yukihide_CUU3,wak_yukihide_cuu3
2390,Wak_Yukihide_CUU2,wak_yukihide_cuu2
2389,Wak_Yukihide_CUU1,wak_yukihide_cuu1
2388,Wak_Yukihide_CUO3,wak_yukihide_cuo3
2387,Wak_Yukihide_CUO2,wak_yukihide_cuo2
2386,Wak_Yukihide_CUO1,wak_yukihide_cuo1
2385,Wak_Yukihide_BoshiU,wak_yukihide_boshiu
2384,Wak_Yukihide_BoshiO,wak_yukihide_boshio
2383,Wak_Yukihide_Activity_D2,wak_yukihide_activity_d2
2382,Wak_Yukihide_Activity_D1,wak_yukihide_activity_d1
2381,Wak_Yukihide_Activity_A2,wak_yukihide_activity_a2
2380,Tanto_Tanemitsu_Tsuba_reverse,tanto_tanemitsu_tsuba_reverse
2379,Tanto_Tanemitsu_Tsuba_obverse,tanto_tanemitsu_tsuba_obverse
2378,Tanto_Tanemitsu_Shira1,tanto_tanemitsu_shira1
2377,Tanto_Tanemitsu_NakagoU,tanto_tanemitsu_nakagou
2376,Tanto_Tanemitsu_Koshirae_menuki2,tanto_tanemitsu_koshirae_menuki2
2375,Tanto_Tanemitsu_Koshirae_Menuki1,tanto_tanemitsu_koshirae_menuki1
2374,Tanto_Tanemitsu_Koshirae_FVU,tanto_tanemitsu_koshirae_fvu
2373,Tanto_Tanemitsu_Koshirae_FVO,tanto_tanemitsu_koshirae_fvo
2372,Tanto_Tanemitsu_Koshirae_Fuchi3,tanto_tanemitsu_koshirae_fuchi3
2371,Tanto_Tanemitsu_Koshirae_Fuchi2,tanto_tanemitsu_koshirae_fuchi2
2370,Tanto_Tanemitsu_Koshirae_Fuchi1,tanto_tanemitsu_koshirae_fuchi1
2369,Tanto_Tanemitsu_Habaki,tanto_tanemitsu_habaki
2368,Tanto_Tanemitsu_FVUA2,tanto_tanemitsu_fvua2
2367,Tanto_Tanemitsu_FVUA1,tanto_tanemitsu_fvua1
2366,Tanto_Tanemitsu_BoshiU,tanto_tanemitsu_boshiu
2365,Tanto_Tanemitsu_BoshiCUO2,tanto_tanemitsu_boshicuo2
2364,Tanto_Tanemitsu_6,tanto_tanemitsu_6
2363,Tanto_Tanemitsu_5,tanto_tanemitsu_5
2362,Tanto_Tanemitsu__NakagoO,tanto_tanemitsu__nakagoo
2361,Tanimitsu_Papers1,tanimitsu_papers1
2360,Tanemitsu_Papers2,tanemitsu_papers2
2359,Tanemitsu_HoriU,tanemitsu_horiu
2358,Tanemitsu_HoriO,tanemitsu_horio
2357,Kat_Sukemori_Sloughs_pg,kat_sukemori_sloughs_pg
2356,Kat_Sukemori_Shirasaya,kat_sukemori_shirasaya
2355,Kat_Sukemori_Nakago_merge,kat_sukemori_nakago_merge
2354,Kat_Sukemori_Habaki2,kat_sukemori_habaki2
2353,Kat_Sukemori_FVU,kat_sukemori_fvu
2352,Kat_Sukemori_FVO,kat_sukemori_fvo
2351,Kat_Sukemori_date_mei_merge1,kat_sukemori_date_mei_merge1
2350,Kat_Sukemori_CUU_merge,kat_sukemori_cuu_merge
2349,Kat_Sukemori_CUO_merge,kat_sukemori_cuo_merge
2348,Kat_Sukemori_BoshiA2,kat_sukemori_boshia2
2347,Kat_Sukemori_BoshiA1,kat_sukemori_boshia1
2346,Kat_Sukemori_ActivityA4,kat_sukemori_activitya4
2345,Kat_Sukemori_Activity6,kat_sukemori_activity6
2344,Kat_Sukemori_Activity4,kat_sukemori_activity4
2343,Kat_Sukemori_Activity3,kat_sukemori_activity3
2342,Tanto_Hisayoshi_shirasaya,tanto_hisayoshi_shirasaya
2341,Tanto_Hisayoshi_Papers2,tanto_hisayoshi_papers2
2340,Tanto_Hisayoshi_Papers1,tanto_hisayoshi_papers1
2339,Tanto_Hisayoshi_Nakago_merge,tanto_hisayoshi_nakago_merge
2338,Tanto_Hisayoshi_Koshirae_Tsuba_rear,tanto_hisayoshi_koshirae_tsuba_rear
2337,Tanto_Hisayoshi_Koshirae_Tsuba_frt,tanto_hisayoshi_koshirae_tsuba_frt
2336,Tanto_Hisayoshi_Koshirae_menuki2,tanto_hisayoshi_koshirae_menuki2
2335,Tanto_Hisayoshi_Koshirae_Menuki1,tanto_hisayoshi_koshirae_menuki1
2334,Tanto_Hisayoshi_Koshirae_Kashira4,tanto_hisayoshi_koshirae_kashira4
2333,Tanto_Hisayoshi_Koshirae_Kashira3,tanto_hisayoshi_koshirae_kashira3
2332,Tanto_Hisayoshi_Koshirae_Kashira2,tanto_hisayoshi_koshirae_kashira2
2331,Tanto_Hisayoshi_Koshirae_FVU,tanto_hisayoshi_koshirae_fvu
2330,Tanto_Hisayoshi_Koshirae_FVO,tanto_hisayoshi_koshirae_fvo
2329,Tanto_Hisayoshi_Koshirae_Fuchi2,tanto_hisayoshi_koshirae_fuchi2
2328,Tanto_Hisayoshi_Koshirae_Fuchi1,tanto_hisayoshi_koshirae_fuchi1
2327,Tanto_Hisayoshi_Habaki,tanto_hisayoshi_habaki
2326,Tanto_Hisayoshi_FVU,tanto_hisayoshi_fvu
2325,Tanto_Hisayoshi_FVOB1,tanto_hisayoshi_fvob1
2324,Tanto_Hisayoshi_BoshiCU1,tanto_hisayoshi_boshicu1
2323,Tanto_Hisayoshi_Boshi_merge,tanto_hisayoshi_boshi_merge
2322,Tanto_Hisayoshi_ActE2,tanto_hisayoshi_acte2
2321,Tanto_Hisayoshi_ActE1,tanto_hisayoshi_acte1
2320,Tanto_Hisayoshi_ActD2,tanto_hisayoshi_actd2
2319,Tanto_Hisayoshi_ActD1,tanto_hisayoshi_actd1
2318,Tanto_Hisayoshi_ActC3,tanto_hisayoshi_actc3
2317,Tanto_Hisayoshi_ActB2,tanto_hisayoshi_actb2
2316,Tanto_Hisayoshi_ActB1,tanto_hisayoshi_actb1
2315,Tanto_Hisayoshi_ActA2,tanto_hisayoshi_acta2
2314,MORITAKA-Shirasaya,moritaka-shirasaya
2313,"MORITAKA-MEI CU",moritaka-mei-cu
2312,"Moritaka-Mei copy",moritaka-mei-copy
2311,MORITAKA-Habaki,moritaka-habaki
2310,MORITAKA-FVU,moritaka-fvu
2309,MORITAKA-FVO,moritaka-fvo
2308,MORITAKA-Date,moritaka-date
2307,MORITAKA-CUU1,moritaka-cuu1
2306,MORITAKA-CUO3,moritaka-cuo3-2
2305,Moritaka-CUO2,moritaka-cuo2-2
2304,MORITAKA-CUO3,moritaka-cuo3
2303,MORITAKA-CUO2,moritaka-cuo2
2302,MORITAKA-CUO1,moritaka-cuo1
2301,MORITAKA-Boshi-U,moritaka-boshi-u
2300,MORITAKA-Boshi-O,moritaka-boshi-o
2299,MORITAKA-Act-2,moritaka-act-2
2298,MORITAKA-Act-1,moritaka-act-1
2262,Kanewaka-NakagoO-BW,kanewaka-nakagoo-bw
2261,Kanewaka-MEI-BW,kanewaka-mei-bw
2260,Kanewaka-Act_5,kanewaka-act_5
2259,Kanewaka-Act_4,kanewaka-act_4
2258,Kanewaka-Act_3,kanewaka-act_3
2257,Kanewaka-Act_2,kanewaka-act_2
2256,DSCF3317,dscf3317
2255,Kanewaka-FVU,kanewaka-fvu
2254,Kanewaka-FVO,kanewaka-fvo
2253,Kanewaka-CUU,kanewaka-cuu
2252,Kanewaka-CUO,kanewaka-cuo
2251,Kanewaka-Act_7,kanewaka-act_7
2250,Kanewaka-Act_6,kanewaka-act_6
2249,Kanewaka-Shira_Ura,kanewaka-shira_ura
2248,Kanewaka-Shira_Omote,kanewaka-shira_omote
2247,Kanewaka-Shira_FVU,kanewaka-shira_fvu
2246,Kanewaka-Shira_FVO,kanewaka-shira_fvo
2245,Kanewaka-MEI,kanewaka-mei
2244,Kanewaka-Habaki,kanewaka-habaki
2243,Kiyomitsu-Tanto_Act-6,kiyomitsu-tanto_act-6
2242,Kiyomitsu-Tanto_Act-5,kiyomitsu-tanto_act-5
2241,Kiyomitsu-Tanto_Act-4,kiyomitsu-tanto_act-4
2240,Kiyomitsu-Tanto_Act-3,kiyomitsu-tanto_act-3
2239,Kiyomitsu-Tanto_Act-2,kiyomitsu-tanto_act-2
2238,Kiyomitsu-Tanto_Act-1,kiyomitsu-tanto_act-1
2237,Kiyomitsu-Tanto_DATE,kiyomitsu-tanto_date
2236,Kiyomitsu-Tanto_Act-10,kiyomitsu-tanto_act-10
2235,Kiyomitsu-Tanto_Act-9,kiyomitsu-tanto_act-9
2234,Kiyomitsu-Tanto_Act-8,kiyomitsu-tanto_act-8
2233,Kiyomitsu-Tanto_Act-7,kiyomitsu-tanto_act-7
2232,Kiyomitsu-Tanto_Shira,kiyomitsu-tanto_shira
2230,Kiyomitsu-Tanto_Habaki,kiyomitsu-tanto_habaki
2229,Kiyomitsu-Tanto_FVU,kiyomitsu-tanto_fvu
2228,Kiyomitsu-Tanto_FVO,kiyomitsu-tanto_fvo
2212,Kiyomitsu_Shira_FV,kiyomitsu_shira_fv
2211,Kiyomitsu_Shira_CU3,kiyomitsu_shira_cu3
2210,Kiyomitsu_Shira_CU2,kiyomitsu_shira_cu2
2209,Kiyomitsu_Shira_CU1,kiyomitsu_shira_cu1
2208,Kiyomitsu_NakagoU,kiyomitsu_nakagou
2207,Kiyomitsu_NakagoO,kiyomitsu_nakagoo
2205,Kiyomitsu_Habaki,kiyomitsu_habaki
2204,Kiyomitsu_FVU,kiyomitsu_fvu
2203,Kiyomitsu_FVO,kiyomitsu_fvo
2202,Kiyomitsu_CUU3,kiyomitsu_cuu3
2201,Kiyomitsu_CUU2,kiyomitsu_cuu2
2200,Kiyomitsu_CUU1,kiyomitsu_cuu1
2199,Kiyomitsu_CUO3,kiyomitsu_cuo3
2198,Kiyomitsu_CUO2,kiyomitsu_cuo2
2197,Kiyomitsu_CUO1,kiyomitsu_cuo1
2196,Kiyomitsu_BoshiU,kiyomitsu_boshiu
2195,Kiyomitsu_BoshiO,kiyomitsu_boshio
2194,Kiyomitsu_Act_3,kiyomitsu_act_3
2193,Kiyomitsu_Act_2,kiyomitsu_act_2
2192,Kiyomitsu_Act_1,kiyomitsu_act_1
2166,"Menuki_Insects_FVF copy",menuki_insects_fvf-copy
2165,"Menuki_Bulls_FVF copy",menuki_bulls_fvf-copy
2164,"Menuki_Dragons_FVF copy",menuki_dragons_fvf-copy
2126,Menuki_Insects_FVR,menuki_insects_fvr
2125,Menuki_Insects_FVF,menuki_insects_fvf
2124,Menuki_Bulls_FVR,menuki_bulls_fvr
2123,Menuki_Bulls_FVF,menuki_bulls_fvf
2122,Menuki_Dragrons_FVR,menuki_dragrons_fvr
2121,Menuki_Dragons_FVF,menuki_dragons_fvf
2120,Kogai_Small_FVR,kogai_small_fvr
2119,Kogai_Small_FVF,kogai_small_fvf
2118,DSCF2961,dscf2961
2117,DSCF2960,dscf2960
2116,Fuchi_Floral_side2,fuchi_floral_side2
2115,Fuchi_Floral_side1,fuchi_floral_side1
2114,FK_Floral_side2,fk_floral_side2
2113,FK_Floral_Side1,fk_floral_side1
2112,FK_Floral_Inside,fk_floral_inside
2111,FK_Floral_FVF,fk_floral_fvf
2110,Kashira_Dragons_Side2,kashira_dragons_side2
2109,Kashira_Dragons_side1,kashira_dragons_side1
2108,Fuchi_Dragons_Side2,fuchi_dragons_side2
2107,Fuchi_Dragons_Side1,fuchi_dragons_side1
2106,F_K_Dragons_FVR,f_k_dragons_fvr
2105,F_K_Dragons_FVF,f_k_dragons_fvf
2087,F-K_Benkei-Yoshitsune_Reverse,f-k_benkei-yoshitsune_reverse-2
2086,F-K_Benkei-Yoshitsune_Mei,f-k_benkei-yoshitsune_mei-2
2085,F-K_Benkei-Yoshitsune_FV,f-k_benkei-yoshitsune_fv-2
2084,F-K_Benkei-Yoshitsune_2,f-k_benkei-yoshitsune_2-2
2083,F-K_Benkei-Yoshitsune_1,f-k_benkei-yoshitsune_1-2
2080,Menuki_Nimbus_rear,menuki_nimbus_rear
2079,Menuki_Nimbus_Frt,menuki_nimbus_frt
2078,obverse,obverse-7
2077,Reverse,reverse-5
2073,Reverse,reverse-4
2072,Obverse,obverse-4
2067,Reverse,reverse-2
2066,Obverse,obverse-2
2065,Reverse,reverse
2063,F-K_Side_reverse,f-k_side_reverse
2062,F-K_Side_FV,f-k_side_fv
2061,F-K_Side_2,f-k_side_2
2060,F-K_Side_1,f-k_side_1
2059,F-K_Benkei-Yoshitsune_Reverse,f-k_benkei-yoshitsune_reverse
2058,F-K_Benkei-Yoshitsune_Mei,f-k_benkei-yoshitsune_mei
2057,F-K_Benkei-Yoshitsune_FV,f-k_benkei-yoshitsune_fv
2056,F-K_Benkei-Yoshitsune_2,f-k_benkei-yoshitsune_2
2055,F-K_Benkei-Yoshitsune_1,f-k_benkei-yoshitsune_1
1996,Yasuhiro_Boshi,yasuhiro_boshi
1995,Yasuhiro_ACT_11,yasuhiro_act_11
1994,Yasuhiro_ACT_10,yasuhiro_act_10
1993,Yasuhiro_ACT_9,yasuhiro_act_9
1992,Yasuhiro_ACT_7,yasuhiro_act_7
1991,Yasuhiro_ACT_6,yasuhiro_act_6
1990,Yasuhiro_ACT_5,yasuhiro_act_5
1989,Yasuhiro_ACT_4,yasuhiro_act_4
1988,Yasuhiro_ACT_3,yasuhiro_act_3
1987,Yasuhiro_ACT_1,yasuhiro_act_1
1986,Yasuhiro_FVU,yasuhiro_fvu
1985,Yasuhiro_FVO,yasuhiro_fvo
1984,Yasuhiro_CUU3,yasuhiro_cuu3
1983,Yasuhiro_CUU2,yasuhiro_cuu2
1982,Yasuhiro_CUU1,yasuhiro_cuu1
1981,Yasuhiro_CUO3,yasuhiro_cuo3
1980,Yasuhiro_CUO2,yasuhiro_cuo2
1979,Yasuhiro_CUO1,yasuhiro_cuo1
1978,Yasuhiro_UBUBA,yasuhiro_ububa
1977,Yasuhiro_Shirasaya,yasuhiro_shirasaya
1976,Yasuhiro_Nengo,yasuhiro_nengo
1975,Yasuhiro_Nakago_U,yasuhiro_nakago_u
1974,Yasuhiro_Nakago_O,yasuhiro_nakago_o
1973,Yasuhiro_Mei,yasuhiro_mei
1972,Yasuhiro_Habaki,yasuhiro_habaki
1971,AKIHIDE_BoshiU,akihide_boshiu
1970,AKIHIDE_BoshiO,akihide_boshio
1969,AKIHIDE_ACT_13,akihide_act_13
1968,AKIHIDE_ACT_12,akihide_act_12
1967,AKIHIDE_ACT_11,akihide_act_11
1966,AKIHIDE_ACT_7,akihide_act_7
1965,AKIHIDE_ACT_6,akihide_act_6
1964,AKIHIDE_ACT_3,akihide_act_3
1963,AKIHIDE_FVU,akihide_fvu
1962,AKIHIDE_FVO,akihide_fvo
1961,AKIHIDE_CUU3,akihide_cuu3
1960,AKIHIDE_CUU2,akihide_cuu2
1959,AKIHIDE_CUU1,akihide_cuu1
1958,AKIHIDE_CUO3,akihide_cuo3
1957,AKIHIDE_CUO2,akihide_cuo2
1956,AKIHIDE_CUO1,akihide_cuo1
1955,Akihiro_Papers,akihiro_papers
1954,AKIHIDE_Shirasaya_FV,akihide_shirasaya_fv
1953,Akihide_Nengo,akihide_nengo
1952,AKIHIDE_NakagoU,akihide_nakagou
1951,AKIHIDE_NakagoO,akihide_nakagoo
1950,AKIHIDE_MEI,akihide_mei
1949,AKIHIDE_Habaki,akihide_habaki
1921,testing233,testing233
1912,Tsuba_Saotome-Edo_FVR,tsuba_saotome-edo_fvr
1911,Tsuba_Saotome-Edo_FVF,tsuba_saotome-edo_fvf
1910,Tsuba_Saotome-Koto_FVR,tsuba_saotome-koto_fvr
1909,Tsuba_Saotome_Koto_FVF,tsuba_saotome_koto_fvf
1908,Tsuba_Yamagane-Kiku_FVR,tsuba_yamagane-kiku_fvr
1907,Tsuba_Yamagane-Kiku_FVF,tsuba_yamagane-kiku_fvf
1892,KANENORI_UBUBA,kanenori_ububa
1891,Kanenori_NakagoU,kanenori_nakagou
1890,Kanenori_NakagoO,kanenori_nakagoo
1889,KANENORI_FVU,kanenori_fvu
1888,KANENORI_FVO,kanenori_fvo
1887,KANENORI_CUU3,kanenori_cuu3
1886,KANENORI_CUU2,kanenori_cuu2
1885,KANENORI_CUU1,kanenori_cuu1
1882,Kanenori_ACT_6,kanenori_act_6
1881,Kanenori_ACT_5,kanenori_act_5
1880,Kanenori_ACT_4,kanenori_act_4
1879,Kanenori_ACT_3,kanenori_act_3
1878,Kanenori_ACT_2,kanenori_act_2
1877,Kanenori_ACT_1,kanenori_act_1
1876,KANENORI_NENGO,kanenori_nengo
1875,Kanenori_Miyamoto2,kanenori_miyamoto2
1874,Kanenori_Miyamoto1,kanenori_miyamoto1
1873,"Kanenori_Mei copy",kanenori_mei-copy
1872,Kanenori_BoshiU,kanenori_boshiu
1871,Kanenori_BoshiO,kanenori_boshio
1870,Kanenori_Suguwara_Fuchi2,kanenori_suguwara_fuchi2
1869,Kanenori_Suguwara_Fuchi1,kanenori_suguwara_fuchi1
1862,Kanenori_Suguwara_Tsuba-Mounted1,kanenori_suguwara_tsuba-mounted1
1861,Kanenori_Suguwara_Tsuba_FVR,kanenori_suguwara_tsuba_fvr
1860,Kanenori_Suguwara_Tsuba_FVO,kanenori_suguwara_tsuba_fvo
1859,Kanenori_Suguwara_Menuki2,kanenori_suguwara_menuki2
1858,Kanenori_Suguwara_Menuki1,kanenori_suguwara_menuki1
1857,Kanenori_Suguwara_Koshirae_FVU,kanenori_suguwara_koshirae_fvu
1856,Kanenori_Suguwara_Koshirae_FVO,kanenori_suguwara_koshirae_fvo
1855,Kanenori_Suguwara_Koiguchi-Kurigata,kanenori_suguwara_koiguchi-kurigata
1854,Kanenori_Suguwara_Kashira,kanenori_suguwara_kashira
1853,Kanenori_Suguwara_Habaki,kanenori_suguwara_habaki
1816,Tsuba_Bone_Reverse,tsuba_bone_reverse
1815,Tsuba_Bone_Obverse,tsuba_bone_obverse-2
1814,Tsuba_Bone_CU5,tsuba_bone_cu5
1813,Tsuba_Bone_CU4,tsuba_bone_cu4
1812,Tsuba_Bone_CU3,tsuba_bone_cu3
1811,Tsuba_Bone_CU2,tsuba_bone_cu2
1810,Tsuba_Bone_CU1,tsuba_bone_cu1
1809,Tsuba_Masatoyo_Rear,tsuba_masatoyo_rear
1808,Tsuba_Masatoyo_Mei,tsuba_masatoyo_mei
1807,Tsuba_Masatoyo_Frt,tsuba_masatoyo_frt
1806,Saotome_BridgeCaps_Rear,saotome_bridgecaps_rear
1805,Saotome_BridgeCaps_Frt,saotome_bridgecaps_frt
1790,Kat_Tosa-Tadakuni_Shirasaya,kat_tosa-tadakuni_shirasaya
1789,Kat_Tosa-Tadakuni_Papers2,kat_tosa-tadakuni_papers2
1788,Kat_Tosa-Tadakuni_Papers1,kat_tosa-tadakuni_papers1
1787,Kat_Tosa-Tadakuni_Nakago_merge,kat_tosa-tadakuni_nakago_merge
1786,Kat_Tosa-Tadakuni_Mei_MERGE,kat_tosa-tadakuni_mei_merge
1785,Kat_Tosa-Tadakuni_Kiss7,kat_tosa-tadakuni_kiss7
1784,Kat_Tosa-Tadakuni_Kiss5,kat_tosa-tadakuni_kiss5
1783,Kat_Tosa-Tadakuni_Kiss2,kat_tosa-tadakuni_kiss2
1782,Kat_Tosa-Tadakuni_Kiss1,kat_tosa-tadakuni_kiss1
1781,Kat_Tosa-Tadakuni_Habaki,kat_tosa-tadakuni_habaki
1780,Kat_Tosa-Tadakuni_FVU,kat_tosa-tadakuni_fvu
1779,Kat_Tosa-Tadakuni_FVO,kat_tosa-tadakuni_fvo
1778,Kat_Tosa-Tadakuni_CUU3,kat_tosa-tadakuni_cuu3
1777,Kat_Tosa-Tadakuni_CUU2,kat_tosa-tadakuni_cuu2
1776,Kat_Tosa-Tadakuni_CUU1,kat_tosa-tadakuni_cuu1
1775,Kat_Tosa-Tadakuni_CUO3,kat_tosa-tadakuni_cuo3
1774,Kat_Tosa-Tadakuni_CUO2,kat_tosa-tadakuni_cuo2
1773,Kat_Tosa-Tadakuni_CUO1,kat_tosa-tadakuni_cuo1
1772,Kat_Tosa-Tadakuni_Act_C3,kat_tosa-tadakuni_act_c3
1771,Kat_Tosa-Tadakuni_Act_B3,kat_tosa-tadakuni_act_b3
1770,Kat_Tosa-Tadakuni_Act_9,kat_tosa-tadakuni_act_9
1769,Kat_Tosa-Tadakuni_Act_4,kat_tosa-tadakuni_act_4
1768,Kat_Tosa-Tadakuni_Act_3,kat_tosa-tadakuni_act_3
1767,Kat_Tosa-Tadakuni_Act_2,kat_tosa-tadakuni_act_2
1766,"Flag_Hinomaru copy",flag_hinomaru-copy
1754,"Kanehide_Nakago Small na Stamp",kanehide_nakago-small-na-stamp
1752,"Kanehide_MUNE ""na"" STAMP copy",kanehide_mune-seki-stamp-copy
1736,Kanehide_Act_14,kanehide_act_14
1735,Kanehide_Act_13,kanehide_act_13
1734,Kanehide_Act_12,kanehide_act_12
1733,Kanehide_Act_11,kanehide_act_11
1732,Kanehide_Act_10,kanehide_act_10
1731,Kanehide_Act_8,kanehide_act_8
1730,Kanehide_Act_6,kanehide_act_6
1729,Kanehide_Act_5,kanehide_act_5
1728,Kanehide_Act_2,kanehide_act_2
1727,Kanehide_Act_1,kanehide_act_1
1726,Kanehide_BoshiU,kanehide_boshiu
1725,Kanehide_BoshiO,kanehide_boshio
1724,"Kanehide_Arsenal mark2",kanehide_arsenal-mark2
1723,"Kanehide_Arsenal mark1",kanehide_arsenal-mark1
1722,Kanehide_Date,kanehide_date
1721,Kanehide_CUU3,kanehide_cuu3
1720,Kanehide_CUU2,kanehide_cuu2
1719,Kanehide_CUU1,kanehide_cuu1
1718,Kanehide_CUO3,kanehide_cuo3
1717,Kanehide_CUO2,kanehide_cuo2
1716,Kanehide_CUO1,kanehide_cuo1
1714,Kanehide_Mei,kanehide_mei
1713,Kanehide_Habaki,kanehide_habaki
1712,Kanehide_FVU,kanehide_fvu
1711,Kanehide_FVO,kanehide_fvo
1710,Kanehide_StarStamp,kanehide_starstamp
1709,Kanehide_Shirasaya,kanehide_shirasaya
1708,Kanehide_NakagoU,kanehide_nakagou
1707,Kanehide_NakagoO,kanehide_nakagoo
1682,kat_yasunori_tsuka2,kat_yasunori_tsuka2-2
1681,kat_yasunori_tsuka1,kat_yasunori_tsuka1-2
1680,kat_yasunori_tsuba2,kat_yasunori_tsuba2-2
1679,kat_yasunori_tsuba1,kat_yasunori_tsuba1-2
1678,kat_yasunori_koshfvu_COPY,kat_yasunori_koshfvu_copy
1677,kat_yasunori_koshfvo_COPY,kat_yasunori_koshfvo_copy
1667,Yasunori_Shirasaya,yasunori_shirasaya
1666,Yasunori_NakagoU,yasunori_nakagou
1665,Yasunori_NakagoO,yasunori_nakagoo
1664,Yasunori_MEI,yasunori_mei
1663,Yasunori_Habaki,yasunori_habaki
1662,Yasunori_FVU,yasunori_fvu
1661,Yasunori_FVO,yasunori_fvo
1660,Yasunori_DATE,yasunori_date
1659,Yasunori_CUU3,yasunori_cuu3
1658,Yasunori_CUU2,yasunori_cuu2
1657,Yasunori_CUU1,yasunori_cuu1
1656,Yasunori_CUO3,yasunori_cuo3
1655,Yasunori_CUO2,yasunori_cuo2
1654,Yasunori_CUO1,yasunori_cuo1
1653,Yasunori_BoshiU,yasunori_boshiu
1652,Yasunori_BoshiO,yasunori_boshio
1651,Yasunori_ACT4,yasunori_act4
1650,Yasunori_ACT3,yasunori_act3
1649,Yasunori_ACT2,yasunori_act2
1648,Yasunori_ACT1,yasunori_act1
1630,Kanayama_GoldHitsu_Rear,kanayama_goldhitsu_rear
1629,Kanayama_GoldHitsu_Frt,kanayama_goldhitsu_frt-2
1628,Kanayama_GoldHitsu_CU5,kanayama_goldhitsu_cu5
1627,Kanayama_GoldHitsu_CU4,kanayama_goldhitsu_cu4
1626,Kanayama_GoldHitsu_CU3,kanayama_goldhitsu_cu3
1625,Kanayama_GoldHitsu_CU2,kanayama_goldhitsu_cu2
1624,Kanayama_GoldHitsu_CU1,kanayama_goldhitsu_cu1
1614,Tsuba_Chickens_Papers2,tsuba_chickens_papers2
1613,Tsuba_Chickens_Papers1,tsuba_chickens_papers1
1612,TSUBA_Chicken_Side2,tsuba_chicken_side2
1611,TSUBA_Chicken_Side1,tsuba_chicken_side1
1610,TSUBA_Chicken_RearFV,tsuba_chicken_rearfv
1609,TSUBA_Chicken_FrtFV,tsuba_chicken_frtfv-2
1608,TSUBA_Chicken_CU6,tsuba_chicken_cu6
1607,TSUBA_Chicken_CU5,tsuba_chicken_cu5
1606,TSUBA_Chicken_CU3,tsuba_chicken_cu3
1605,TSUBA_Chicken_CU2,tsuba_chicken_cu2
1589,Kanefusa_BoshiU,kanefusa_boshiu
1588,Kanefusa_BoshiO,kanefusa_boshio
1587,Kanefusa_Act_6,kanefusa_act_6
1586,Kanefusa_Act_5,kanefusa_act_5
1585,Kanefusa_Act_4,kanefusa_act_4
1584,Kanefusa_Act_3,kanefusa_act_3
1583,Kanefusa_Act_2,kanefusa_act_2
1582,Kanefusa_Act_1,kanefusa_act_1
1581,Kanefusa_FVU,kanefusa_fvu
1580,Kanefusa_FVO,kanefusa_fvo
1579,Kanefusa_CUU3,kanefusa_cuu3
1578,Kanefusa_CUU2,kanefusa_cuu2
1577,Kanefusa_CUU1,kanefusa_cuu1
1576,Kanefusa_CUO3,kanefusa_cuo3
1575,Kanefusa_CUO2,kanefusa_cuo2
1574,Kanefusa_CUO1,kanefusa_cuo1
1573,Kanefusa23,kanefusa23
1572,Kanefusa_Shirasaya_FV,kanefusa_shirasaya_fv
1571,Kanefusa_Sayagaki_CU2,kanefusa_sayagaki_cu2
1570,Kanefusa_Sayagaki_CU1,kanefusa_sayagaki_cu1
1569,Kanefusa_Nakago_U,kanefusa_nakago_u
1568,Kanefusa_Nakago_O,kanefusa_nakago_o
1567,Kanefusa_Mei,kanefusa_mei
1566,Kanefusa_Habaki,kanefusa_habaki
1549,Kat_Akimitsu_UBU-BA,kat_akimitsu_ubu-ba
1548,Kat_Akimitsu_Sloughs,kat_akimitsu_sloughs
1547,Kat_Akimitsu_Shirasaya,kat_akimitsu_shirasaya
1546,Kat_Akimitsu_Sayagaki,kat_akimitsu_sayagaki
1545,Kat_Akimitsu_Nakago_U,kat_akimitsu_nakago_u
1544,Kat_Akimitsu_Nakago_O,kat_akimitsu_nakago_o
1543,Kat_Akimitsu_Kissaki_U,kat_akimitsu_kissaki_u
1542,"Kat_Akimitsu_Kissaki damage_U",kat_akimitsu_kissaki-damage_u
1541,Kat_Akimitsu_Habaki,kat_akimitsu_habaki
1540,Kat_Akimitsu_FVU,kat_akimitsu_fvu
1539,Kat_Akimitsu_FVO,kat_akimitsu_fvo
1538,Kat_Akimitsu_CUU2,kat_akimitsu_cuu2
1537,Kat_Akimitsu_CUU1,kat_akimitsu_cuu1
1536,Kat_Akimitsu_CUU_3,kat_akimitsu_cuu_3
1535,Kat_Akimitsu_CUO3,kat_akimitsu_cuo3-2
1534,Kat_Akimitsu_CUO2,kat_akimitsu_cuo2-2
1533,Kat_Akimitsu_CUO1,kat_akimitsu_cuo1-2
1532,Kat_Akimitsu_Boshi_O,kat_akimitsu_boshi_o
1531,Kat_Akimitsu_CUO3,kat_akimitsu_cuo3
1530,Kat_Akimitsu_CUO2,kat_akimitsu_cuo2
1529,Kat_Akimitsu_CUO1,kat_akimitsu_cuo1
1528,Kat_Akimitsu_Act_4,kat_akimitsu_act_4
1527,Kat_Akimitsu_Act_2,kat_akimitsu_act_2
1526,Kat_Akimitsu_Act_1,kat_akimitsu_act_1
1525,Akimitsu_Papers_2,akimitsu_papers_2
1524,Akimitsu_Papers_1,akimitsu_papers_1
1512,Kat_Sukehiro_Act_8,kat_sukehiro_act_8
1511,Kat_Sukehiro_Act_6,kat_sukehiro_act_6
1488,Kat_Sukehiro-Tomita_Mei,kat_sukehiro-tomita_mei
1487,Kat_Sukehiro-Tomita_Habaki,kat_sukehiro-tomita_habaki
1486,Kat_Sukehiro-Tomita_FVU,kat_sukehiro-tomita_fvu
1485,Kat_Sukehiro-Tomita_FVO,kat_sukehiro-tomita_fvo
1484,Kat_Sukehiro-Tomita_Date,kat_sukehiro-tomita_date
1483,Kat_Sukehiro-Tomita_CUU3,kat_sukehiro-tomita_cuu3
1482,Kat_Sukehiro-Tomita_CUU2,kat_sukehiro-tomita_cuu2
1481,Kat_Sukehiro-Tomita_CUU1,kat_sukehiro-tomita_cuu1
1480,Kat_Sukehiro-Tomita_CUO3,kat_sukehiro-tomita_cuo3
1479,Kat_Sukehiro-Tomita_CUO2,kat_sukehiro-tomita_cuo2
1478,Kat_Sukehiro-Tomita_CUO1,kat_sukehiro-tomita_cuo1
1477,Kat_Sukehiro-Tomita_Boshi_U,kat_sukehiro-tomita_boshi_u
1476,Kat_Sukehiro-Tomita_Boshi_O,kat_sukehiro-tomita_boshi_o
1475,Kat_Sukehiro-Tomita_Act_4,kat_sukehiro-tomita_act_4
1474,Kat_Sukehiro-Tomita_Act_3,kat_sukehiro-tomita_act_3
1440,Wak_Tomotsugu_shirasaya,wak_tomotsugu_shirasaya
1439,Wak_Tomotsugu_Papers2,wak_tomotsugu_papers2
1438,Wak_Tomotsugu_Papers1,wak_tomotsugu_papers1
1437,Wak_Tomotsugu_Nakago_merge,wak_tomotsugu_nakago_merge
1436,"Wak_Tomotsugu_Mei copy",wak_tomotsugu_mei-copy
1435,Wak_Tomotsugu_Koshirae_Tsuba_reverse,wak_tomotsugu_koshirae_tsuba_reverse
1434,Wak_Tomotsugu_Koshirae_Tsuba_Obverse,wak_tomotsugu_koshirae_tsuba_obverse
1433,Wak_Tomotsugu_Koshirae_Menuki2,wak_tomotsugu_koshirae_menuki2
1432,Wak_Tomotsugu_Koshirae_Menuki1,wak_tomotsugu_koshirae_menuki1
1431,Wak_Tomotsugu_Koshirae_FVU,wak_tomotsugu_koshirae_fvu
1430,Wak_Tomotsugu_Koshirae_FVO,wak_tomotsugu_koshirae_fvo
1429,Wak_Tomotsugu_Koshirae_Fuchi-Mon,wak_tomotsugu_koshirae_fuchi-mon
1428,Wak_Tomotsugu_habaki,wak_tomotsugu_habaki
1427,Wak_Tomotsugu_FVU,wak_tomotsugu_fvu
1426,"Wak_Tomotsugu_FVO copy",wak_tomotsugu_fvo-copy
1425,Wak_Tomotsugu_CUU_merge,wak_tomotsugu_cuu_merge
1424,Wak_Tomotsugu_CUO_merge,wak_tomotsugu_cuo_merge
1423,Wak_Tomotsugu_Boshi_merge,wak_tomotsugu_boshi_merge
1422,Wak_Tomotsugu_ActivG,wak_tomotsugu_activg
1421,Wak_Tomotsugu_ActivF,wak_tomotsugu_activf
1420,Wak_Tomotsugu_ActivE2,wak_tomotsugu_active2
1419,Wak_Tomotsugu_ActivC2,wak_tomotsugu_activc2
1418,Wak_Tomotsugu_ActivB1,wak_tomotsugu_activb1
1417,Wak_Tomotsugu_ActivA2,wak_tomotsugu_activa2
1379,Coming-Soon,coming-soon
1377,Masahide_Tsuka_u,masahide_tsuka_u
1376,Masahide_Tsuka_O,masahide_tsuka_o
1375,"Masahide_Mei.jpeg copy",masahide_mei-jpeg-copy
1374,Masahide_Kurigata,masahide_kurigata
1373,Masahide_Kosh_FVU,masahide_kosh_fvu
1372,Masahide_Kosh_FVO,masahide_kosh_fvo
1371,Masahide_Kojiri,masahide_kojiri
1370,Masahide_Kashira,masahide_kashira
1369,Masahide_Fuchi_2,masahide_fuchi_2
1368,Masahide_Fuchi_1,masahide_fuchi_1
1367,Masahide_Habaki_CU,masahide_habaki_cu
1366,Masahide_FVU,masahide_fvu
1365,Masahide_FVO,masahide_fvo
1364,"Masahide_Date.jpeg copy",masahide_date-jpeg-copy
1363,Masahide_CUU_3,masahide_cuu_3
1362,Masahide_CUU_2,masahide_cuu_2
1361,Masahide_CUU_1,masahide_cuu_1
1360,Masahide_CUO_3,masahide_cuo_3
1359,Masahide_CUO_2,masahide_cuo_2
1358,Masahide_CUO_1,masahide_cuo_1
1357,Masahide_Boshi_U,masahide_boshi_u
1356,Masahide_Boshi_O,masahide_boshi_o
1355,Masahide_Act_5,masahide_act_5
1354,Masahide_Act_2,masahide_act_2
1319,Wak_YokoyamaSukenaga_shirasaya,wak_yokoyamasukenaga_shirasaya
1318,Wak_YokoyamaSukenaga_Papers2,wak_yokoyamasukenaga_papers2
1317,Wak_YokoyamaSukenaga_Papers1,wak_yokoyamasukenaga_papers1
1316,Wak_YokoyamaSukenaga_Nakago_merge,wak_yokoyamasukenaga_nakago_merge
1315,"Wak_YokoyamaSukenaga_Mei copy",wak_yokoyamasukenaga_mei-copy
1314,Wak_YokoyamaSukenaga_Kissaki_merge,wak_yokoyamasukenaga_kissaki_merge
1313,Wak_YokoyamaSukenaga_habaki,wak_yokoyamasukenaga_habaki
1312,Wak_YokoyamaSukenaga_FVU,wak_yokoyamasukenaga_fvu
1311,Wak_YokoyamaSukenaga_FVO,wak_yokoyamasukenaga_fvo
1309,"Wak_YokoyamaSukenaga_Date copy",wak_yokoyamasukenaga_date-copy
1308,Wak_YokoyamaSukenaga_CUU_merge,wak_yokoyamasukenaga_cuu_merge
1307,Wak_YokoyamaSukenaga_CUO_merge,wak_yokoyamasukenaga_cuo_merge
1306,Wak_YokoyamaSukenaga_Activity6,wak_yokoyamasukenaga_activity6
1305,Wak_YokoyamaSukenaga_Activity5,wak_yokoyamasukenaga_activity5
1304,Wak_YokoyamaSukenaga_Activity4,wak_yokoyamasukenaga_activity4
1303,Wak_YokoyamaSukenaga_Activity2,wak_yokoyamasukenaga_activity2
1191,Tomonobu_1,tomonobu_rear
1190,Tomonobu_Mei,tomonobu_mei
1189,Tomonobu_2,tomonobu_frt-2
1129,Tanto_Nobushige_Shira,tanto_nobushige_shira
1128,Tanto_Nobushige_Nakago_U,tanto_nobushige_nakago_u
1127,Tanto_Nobushige_Nakago_O,tanto_nobushige_nakago_o
1126,Tanto_Nobushige_Mei,tanto_nobushige_mei
1125,Tanto_Nobushige_Habaki,tanto_nobushige_habaki
1124,Tanto_Nobushige_Date,tanto_nobushige_date
1123,Tanto_Nobushige_BoshiU,tanto_nobushige_boshiu
1122,Tanto_Nobushige_BoshiO,tanto_nobushige_boshio
1120,Tanto_Nobushige_FVU,tanto_nobushige_fvu
1119,Tanto_Nobushige_FVO,tanto_nobushige_fvo
1110,Wak-Ujifusa-CUU3,wak_ujifusa_cuu3
1109,Wak_Ujifusa_CUU2,wak_ujifusa_cuu2
1108,Wak_Ujifusa_CUU1,wak_ujifusa_cuu1
1107,Wak_Ujifusa_CUO3,wak_ujifusa_cuo3
1106,Wak_Ujifusa_CUO2,wak_ujifusa_cuo2
1105,Wak_Ujifusa_CUO1,wak_ujifusa_cuo1
1104,Wak_Ujifusa_Boshi_U,wak_ujifusa_boshi_u
1103,Wak_Ujifusa_Boshi_O,wak_ujifusa_boshi_o
1099,Wak_Ujifusa_Act_6,wak_ujifusa_act_6
1098,Wak_Ujifusa_Act_5,wak_ujifusa_act_5
1097,Wak_Ujifusa_Act_3,wak_ujifusa_act_3
1096,Wak_Ujifusa_Act_2,wak_ujifusa_act_2
1095,Wak_Ujifusa_Act_1,wak_ujifusa_act_1
1094,Wak_Ujifusa_Nakago_U,wak_ujifusa_nakago_u
1093,Wak_Ujifusa_Nakago_O,wak_ujifusa_nakago_o
1092,Wak_Ujifusa_Mei,wak_ujifusa_mei
1091,Wak_Ujifusa_Tsuka_U,wak_ujifusa_tsuka_u
1090,Wak_Ujifusa_Tsuka_O,wak_ujifusa_tsuka_o
1089,Wak_Ujifusa_Tsuba_3,wak_ujifusa_tsuba_3
1088,Wak_Ujifusa_Tsuba_2,wak_ujifusa_tsuba_2
1087,Wak_Ujifusa_Tsuba_1,wak_ujifusa_tsuba_1
1086,Wak_Ujifusa_Kashira_3,wak_ujifusa_kashira_3
1085,Wak_Ujifusa_Kashira_2,wak_ujifusa_kashira_2
1084,Wak_Ujifusa_Kashira_1,wak_ujifusa_kashira_1
1083,Wak_Ujifusa_Habaki,wak_ujifusa_habaki
1082,Wak_Ujifusa_Fuchi_2,wak_ujifusa_fuchi_2
1081,Wak_Ujifusa_Fuchi_1,wak_ujifusa_fuchi_1
1080,Wak_Ujifusa_Menuki_2,wak_ujifusa_menuki_2
1079,Wak_Ujifusa_Menuki_1,wak_ujifusa_menuki_1
1078,Wak_Ujifusa_Kosh_FVU,wak_ujifusa_kosh_fvu
1077,Wak_Ujifusa_Kosh_FVO,wak_ujifusa_kosh_fvo
1025,kat_yasatsuna_actFmerge,kat_yasatsuna_actfmerge
1024,"kat_yasatsuna_actFmerge copy",kat_yasatsuna_actfmerge-copy
1023,kat_yasatsuna_actDmerge,kat_yasatsuna_actdmerge
1022,kat_yasatsuna_boshimerge,kat_yasatsuna_boshimerge
1021,kat_yasatsuna_cuomerge,kat_yasatsuna_cuomerge
1020,kat_yasatsuna_cuumerge,kat_yasatsuna_cuumerge
1018,kat_yasatsuna_shira,kat_yasatsuna_shira
1016,kat_yasatsuna_habaki,kat_yasatsuna_habaki
1015,kat_yasatsuna_nakagomerge,kat_yasatsuna_nakagomerge
1014,kat_yasatsuna_fvu,kat_yasatsuna_fvu
1013,kat_yasatsuna_fvo,kat_yasatsuna_fvo
889,"Mitokorimono_Cranes 3",mitokorimono_cranes-3
878,Kanayama_GoldHitsu_Frt,kanayama_goldhitsu_frt
877,TSUBA_Chicken_FrtFV,tsuba_chicken_frtfv
785,Netsuke_Skull_L,netsuke_skull_l
784,Book_Fujishiros,book_fujishiros
782,"Chawan_Oribe1_1 copy",chawan_oribe1_1-copy
781,"Tanto_Norishige_Mei_1_revised copy",tanto_norishige_mei_1_revised-copy
767,"ShibayamaKoshirea1 web_Banner",shibayamakoshirea1-web_banner
766,"Tanto_MasaTaka_Koshirae_FvU copy",tanto_masataka_koshirae_fvu-copy
750,Wak_ShigeKuni_BoshiU_Website_copy,wak_shigekuni_boshiu_website_copy-2
718,RedBridge,redbridge
713,Kyoto_KurodaniTemple_Buddha_Website,kyoto_kurodanitemple_buddha_website
700,"Jujutsu1 copy",jujutsu1-copy
689,Guarantee_Logo,guarantee_logo
688,"USPS LOGO",usps-logo
683,Wak_ShigeKuni_BoshiU_Website_copy,wak_shigekuni_boshiu_website_copy
682,Bushu_Masayoshi_Thumb,bushu_masayoshi_thumb
681,Wak_ShigeKuni_BoshiO,wak_shigekuni_boshio
680,Wak_ShigeKuni_FVO,wak_shigekuni_fvo
679,Wak_ShigeKuni_FVU,wak_shigekuni_fvu
661,Tsuba_Elephant_Frt,tsuba_elephant_frt
660,Tomonobu_Frt,tomonobu_frt
630,RockSign1,rocksign1
629,Tsuba_Bone_Obverse,tsuba_bone_obverse
617,HimejiGarden_pond1_Website1,himejigarden_pond1_website1
604,Tanto_Norishige_Papers_FV,tanto_norishige_papers_fv
602,"bamboo, forest, nature-828703",bamboo-forest-nature-828703
592,Tanto_Norishige_FV_merge1_Website,tanto_norishige_fv_merge1_website
591,"Tanto_Norishige_Koshirae_C-FVU_revised copy",tanto_norishige_koshirae_c-fvu_revised-copy
590,Mt_Fuji_1,mt_fuji_1
57,cropped-tsuba_bushumasatoshi.jpg,cropped-tsuba_bushumasatoshi-jpg
56,tsuba_bushumasatoshi,tsuba_bushumasatoshi
43,Tanto_Sukenaga_Kosh_FVO,tanto_sukenaga_kosh_fvo
42,Ono_TempleBell_frt,ono_templebell_frt
36,KatsumitsuTachi,katsumitsutachi
